Brands_Brand_id,Products_ProductID
1,FUR-BO-10000112
1,FUR-BO-10000330
1,FUR-BO-10000362
1,FUR-BO-10000468
1,FUR-BO-10000711
1,FUR-BO-10000780
1,FUR-BO-10001337
1,FUR-BO-10001519
1,FUR-BO-10001567
1,FUR-BO-10001601
1,FUR-BO-10001608
1,FUR-BO-10001619
1,FUR-BO-10001798
1,FUR-BO-10001811
1,FUR-BO-10001918
1,FUR-BO-10001972
1,FUR-BO-10002202
1,FUR-BO-10002206
1,FUR-BO-10002213
1,FUR-BO-10002268
1,FUR-BO-10002545
1,FUR-BO-10002598
1,FUR-BO-10002613
1,FUR-BO-10002824
1,FUR-BO-10002853
1,FUR-BO-10002916
1,FUR-BO-10003034
1,FUR-BO-10003159
1,FUR-BO-10003272
1,FUR-BO-10003404
1,FUR-BO-10003433
1,FUR-BO-10003441
1,FUR-BO-10003450
1,FUR-BO-10003546
1,FUR-BO-10003660
1,FUR-BO-10003893
1,FUR-BO-10003894
1,FUR-BO-10003965
1,FUR-BO-10003966
1,FUR-BO-10004015
1,FUR-BO-10004218
1,FUR-BO-10004357
1,FUR-BO-10004360
1,FUR-BO-10004409
1,FUR-BO-10004467
1,FUR-BO-10004690
1,FUR-BO-10004695
1,FUR-BO-10004709
1,FUR-BO-10004834
1,FUR-CH-10000015
1,FUR-CH-10000155
1,FUR-CH-10000225
1,FUR-CH-10000229
1,FUR-CH-10000309
1,FUR-CH-10000422
1,FUR-CH-10000454
1,FUR-CH-10000513
1,FUR-CH-10000553
1,FUR-CH-10000595
1,FUR-CH-10000665
1,FUR-CH-10000749
1,FUR-CH-10000785
1,FUR-CH-10000847
1,FUR-CH-10000863
1,FUR-CH-10000988
1,FUR-CH-10001146
1,FUR-CH-10001190
1,FUR-CH-10001215
1,FUR-CH-10001270
1,FUR-CH-10001394
1,FUR-CH-10001482
1,FUR-CH-10001545
1,FUR-CH-10001708
1,FUR-CH-10001714
1,FUR-CH-10001797
1,FUR-CH-10001802
1,FUR-CH-10001854
1,FUR-CH-10001891
1,FUR-CH-10001973
1,FUR-CH-10002017
1,FUR-CH-10002024
1,FUR-CH-10002044
1,FUR-CH-10002073
1,FUR-CH-10002084
1,FUR-CH-10002126
1,FUR-CH-10002304
1,FUR-CH-10002317
1,FUR-CH-10002320
1,FUR-CH-10002331
1,FUR-CH-10002335
1,FUR-CH-10002372
1,FUR-CH-10002439
1,FUR-CH-10002602
1,FUR-CH-10002647
1,FUR-CH-10002758
1,FUR-CH-10002774
1,FUR-CH-10002780
1,FUR-CH-10002880
1,FUR-CH-10002961
1,FUR-CH-10002965
1,FUR-CH-10003061
1,FUR-CH-10003199
1,FUR-CH-10003298
1,FUR-CH-10003312
1,FUR-CH-10003379
1,FUR-CH-10003396
1,FUR-CH-10003535
1,FUR-CH-10003606
1,FUR-CH-10003746
1,FUR-CH-10003761
1,FUR-CH-10003774
1,FUR-CH-10003817
1,FUR-CH-10003833
1,FUR-CH-10003846
1,FUR-CH-10003956
1,FUR-CH-10003968
1,FUR-CH-10003973
1,FUR-CH-10003981
1,FUR-CH-10004063
1,FUR-CH-10004086
1,FUR-CH-10004218
1,FUR-CH-10004287
1,FUR-CH-10004289
1,FUR-CH-10004477
1,FUR-CH-10004495
1,FUR-CH-10004540
1,FUR-CH-10004626
1,FUR-CH-10004675
1,FUR-CH-10004698
1,FUR-CH-10004754
1,FUR-CH-10004853
1,FUR-CH-10004860
1,FUR-CH-10004875
1,FUR-CH-10004886
1,FUR-CH-10004983
1,FUR-CH-10004997
1,FUR-FU-10000010
1,FUR-FU-10000023
1,FUR-FU-10000073
1,FUR-FU-10000076
1,FUR-FU-10000087
1,FUR-FU-10000175
1,FUR-FU-10000193
1,FUR-FU-10000206
1,FUR-FU-10000221
1,FUR-FU-10000222
1,FUR-FU-10000246
1,FUR-FU-10000260
1,FUR-FU-10000277
1,FUR-FU-10000293
1,FUR-FU-10000305
1,FUR-FU-10000308
1,FUR-FU-10000320
1,FUR-FU-10000397
1,FUR-FU-10000409
1,FUR-FU-10000448
1,FUR-FU-10000521
1,FUR-FU-10000550
1,FUR-FU-10000576
1,FUR-FU-10000629
1,FUR-FU-10000672
1,FUR-FU-10000719
1,FUR-FU-10000723
1,FUR-FU-10000732
1,FUR-FU-10000747
1,FUR-FU-10000755
1,FUR-FU-10000758
1,FUR-FU-10000771
1,FUR-FU-10000794
1,FUR-FU-10000820
1,FUR-FU-10000965
1,FUR-FU-10001025
1,FUR-FU-10001037
1,FUR-FU-10001057
1,FUR-FU-10001085
1,FUR-FU-10001095
1,FUR-FU-10001185
1,FUR-FU-10001196
1,FUR-FU-10001215
1,FUR-FU-10001290
1,FUR-FU-10001379
1,FUR-FU-10001424
1,FUR-FU-10001468
1,FUR-FU-10001473
1,FUR-FU-10001475
1,FUR-FU-10001487
1,FUR-FU-10001488
1,FUR-FU-10001546
1,FUR-FU-10001588
1,FUR-FU-10001591
1,FUR-FU-10001602
1,FUR-FU-10001617
1,FUR-FU-10001706
1,FUR-FU-10001731
1,FUR-FU-10001756
1,FUR-FU-10001847
1,FUR-FU-10001852
1,FUR-FU-10001861
1,FUR-FU-10001867
1,FUR-FU-10001876
1,FUR-FU-10001889
1,FUR-FU-10001918
1,FUR-FU-10001934
1,FUR-FU-10001935
1,FUR-FU-10001940
1,FUR-FU-10001967
1,FUR-FU-10001979
1,FUR-FU-10001986
1,FUR-FU-10002030
1,FUR-FU-10002045
1,FUR-FU-10002088
1,FUR-FU-10002107
1,FUR-FU-10002111
1,FUR-FU-10002116
1,FUR-FU-10002157
1,FUR-FU-10002191
1,FUR-FU-10002240
1,FUR-FU-10002253
1,FUR-FU-10002268
1,FUR-FU-10002298
1,FUR-FU-10002364
1,FUR-FU-10002379
1,FUR-FU-10002396
1,FUR-FU-10002445
1,FUR-FU-10002456
1,FUR-FU-10002501
1,FUR-FU-10002505
1,FUR-FU-10002506
1,FUR-FU-10002508
1,FUR-FU-10002553
1,FUR-FU-10002554
1,FUR-FU-10002597
1,FUR-FU-10002671
1,FUR-FU-10002685
1,FUR-FU-10002703
1,FUR-FU-10002759
1,FUR-FU-10002813
1,FUR-FU-10002874
1,FUR-FU-10002878
1,FUR-FU-10002885
1,FUR-FU-10002918
1,FUR-FU-10002937
1,FUR-FU-10002960
1,FUR-FU-10002963
1,FUR-FU-10003026
1,FUR-FU-10003039
1,FUR-FU-10003095
1,FUR-FU-10003096
1,FUR-FU-10003142
1,FUR-FU-10003192
1,FUR-FU-10003194
1,FUR-FU-10003247
1,FUR-FU-10003268
1,FUR-FU-10003274
1,FUR-FU-10003347
1,FUR-FU-10003374
1,FUR-FU-10003394
1,FUR-FU-10003424
1,FUR-FU-10003464
1,FUR-FU-10003489
1,FUR-FU-10003535
1,FUR-FU-10003553
1,FUR-FU-10003577
1,FUR-FU-10003601
1,FUR-FU-10003623
1,FUR-FU-10003664
1,FUR-FU-10003691
1,FUR-FU-10003708
1,FUR-FU-10003724
1,FUR-FU-10003731
1,FUR-FU-10003773
1,FUR-FU-10003798
1,FUR-FU-10003799
1,FUR-FU-10003806
1,FUR-FU-10003829
1,FUR-FU-10003832
1,FUR-FU-10003849
1,FUR-FU-10003878
1,FUR-FU-10003919
1,FUR-FU-10003930
1,FUR-FU-10003975
1,FUR-FU-10003976
1,FUR-FU-10003981
1,FUR-FU-10004006
1,FUR-FU-10004017
1,FUR-FU-10004018
1,FUR-FU-10004020
1,FUR-FU-10004053
1,FUR-FU-10004071
1,FUR-FU-10004090
1,FUR-FU-10004091
1,FUR-FU-10004093
1,FUR-FU-10004164
1,FUR-FU-10004188
1,FUR-FU-10004245
1,FUR-FU-10004270
1,FUR-FU-10004306
1,FUR-FU-10004351
1,FUR-FU-10004415
1,FUR-FU-10004460
1,FUR-FU-10004586
1,FUR-FU-10004587
1,FUR-FU-10004597
1,FUR-FU-10004622
1,FUR-FU-10004665
1,FUR-FU-10004666
1,FUR-FU-10004671
1,FUR-FU-10004712
1,FUR-FU-10004748
1,FUR-FU-10004845
1,FUR-FU-10004848
1,FUR-FU-10004864
1,FUR-FU-10004904
1,FUR-FU-10004909
1,FUR-FU-10004952
1,FUR-FU-10004960
1,FUR-FU-10004963
1,FUR-FU-10004973
1,FUR-TA-10000198
1,FUR-TA-10000577
1,FUR-TA-10000617
1,FUR-TA-10000688
1,FUR-TA-10000849
1,FUR-TA-10001039
1,FUR-TA-10001086
1,FUR-TA-10001095
1,FUR-TA-10001307
1,FUR-TA-10001520
1,FUR-TA-10001539
1,FUR-TA-10001676
1,FUR-TA-10001691
1,FUR-TA-10001705
1,FUR-TA-10001768
1,FUR-TA-10001771
1,FUR-TA-10001857
1,FUR-TA-10001866
1,FUR-TA-10001889
1,FUR-TA-10001932
1,FUR-TA-10001950
1,FUR-TA-10002041
1,FUR-TA-10002228
1,FUR-TA-10002356
1,FUR-TA-10002530
1,FUR-TA-10002533
1,FUR-TA-10002607
1,FUR-TA-10002622
1,FUR-TA-10002645
1,FUR-TA-10002774
1,FUR-TA-10002855
1,FUR-TA-10002903
1,FUR-TA-10002958
1,FUR-TA-10003008
1,FUR-TA-10003238
1,FUR-TA-10003392
1,FUR-TA-10003469
1,FUR-TA-10003473
1,FUR-TA-10003569
1,FUR-TA-10003715
1,FUR-TA-10003748
1,FUR-TA-10003837
1,FUR-TA-10003954
1,FUR-TA-10004086
1,FUR-TA-10004147
1,FUR-TA-10004152
1,FUR-TA-10004154
1,FUR-TA-10004175
1,FUR-TA-10004256
1,FUR-TA-10004289
1,FUR-TA-10004442
1,FUR-TA-10004534
1,FUR-TA-10004575
1,FUR-TA-10004607
1,FUR-TA-10004619
1,FUR-TA-10004767
1,FUR-TA-10004915
1,OFF-AP-10000026
1,OFF-AP-10000027
1,OFF-AP-10000055
1,OFF-AP-10000124
1,OFF-AP-10000159
1,OFF-AP-10000179
1,OFF-AP-10000240
1,OFF-AP-10000252
1,OFF-AP-10000275
1,OFF-AP-10000326
1,OFF-AP-10000358
1,OFF-AP-10000390
1,OFF-AP-10000576
1,OFF-AP-10000595
1,OFF-AP-10000692
1,OFF-AP-10000696
1,OFF-AP-10000804
1,OFF-AP-10000828
1,OFF-AP-10000891
1,OFF-AP-10000938
1,OFF-AP-10001005
1,OFF-AP-10001058
1,OFF-AP-10001124
1,OFF-AP-10001154
1,OFF-AP-10001205
1,OFF-AP-10001242
1,OFF-AP-10001271
1,OFF-AP-10001293
1,OFF-AP-10001303
1,OFF-AP-10001366
1,OFF-AP-10001391
1,OFF-AP-10001394
1,OFF-AP-10001469
1,OFF-AP-10001492
1,OFF-AP-10001563
1,OFF-AP-10001564
1,OFF-AP-10001626
1,OFF-AP-10001634
1,OFF-AP-10001947
1,OFF-AP-10001962
1,OFF-AP-10002082
1,OFF-AP-10002118
1,OFF-AP-10002191
1,OFF-AP-10002203
1,OFF-AP-10002222
1,OFF-AP-10002287
1,OFF-AP-10002311
1,OFF-AP-10002350
1,OFF-AP-10002403
1,OFF-AP-10002439
1,OFF-AP-10002457
1,OFF-AP-10002472
1,OFF-AP-10002495
1,OFF-AP-10002518
1,OFF-AP-10002534
1,OFF-AP-10002578
1,OFF-AP-10002651
1,OFF-AP-10002670
1,OFF-AP-10002684
1,OFF-AP-10002734
1,OFF-AP-10002765
1,OFF-AP-10002867
1,OFF-AP-10002892
1,OFF-AP-10002906
1,OFF-AP-10002945
1,OFF-AP-10002998
1,OFF-AP-10003040
1,OFF-AP-10003057
1,OFF-AP-10003099
1,OFF-AP-10003217
1,OFF-AP-10003266
1,OFF-AP-10003278
1,OFF-AP-10003281
1,OFF-AP-10003287
1,OFF-AP-10003590
1,OFF-AP-10003622
1,OFF-AP-10003779
1,OFF-AP-10003842
1,OFF-AP-10003849
1,OFF-AP-10003860
1,OFF-AP-10003884
1,OFF-AP-10003914
1,OFF-AP-10003971
1,OFF-AP-10004036
1,OFF-AP-10004052
1,OFF-AP-10004136
1,OFF-AP-10004233
1,OFF-AP-10004249
1,OFF-AP-10004336
1,OFF-AP-10004487
1,OFF-AP-10004532
1,OFF-AP-10004540
1,OFF-AP-10004655
1,OFF-AP-10004708
1,OFF-AP-10004785
1,OFF-AP-10004859
1,OFF-AP-10004868
1,OFF-AP-10004980
1,OFF-AR-10000034
1,OFF-AR-10000122
1,OFF-AR-10000127
1,OFF-AR-10000203
1,OFF-AR-10000246
1,OFF-AR-10000255
1,OFF-AR-10000315
1,OFF-AR-10000369
1,OFF-AR-10000380
1,OFF-AR-10000390
1,OFF-AR-10000411
1,OFF-AR-10000422
1,OFF-AR-10000462
1,OFF-AR-10000475
1,OFF-AR-10000538
1,OFF-AR-10000588
1,OFF-AR-10000614
1,OFF-AR-10000634
1,OFF-AR-10000657
1,OFF-AR-10000658
1,OFF-AR-10000716
1,OFF-AR-10000799
1,OFF-AR-10000817
1,OFF-AR-10000823
1,OFF-AR-10000896
1,OFF-AR-10000914
1,OFF-AR-10000937
1,OFF-AR-10000940
1,OFF-AR-10001022
1,OFF-AR-10001026
1,OFF-AR-10001044
1,OFF-AR-10001118
1,OFF-AR-10001130
1,OFF-AR-10001149
1,OFF-AR-10001166
1,OFF-AR-10001177
1,OFF-AR-10001216
1,OFF-AR-10001221
1,OFF-AR-10001227
1,OFF-AR-10001231
1,OFF-AR-10001246
1,OFF-AR-10001315
1,OFF-AR-10001374
1,OFF-AR-10001419
1,OFF-AR-10001427
1,OFF-AR-10001446
1,OFF-AR-10001468
1,OFF-AR-10001473
1,OFF-AR-10001545
1,OFF-AR-10001547
1,OFF-AR-10001573
1,OFF-AR-10001615
1,OFF-AR-10001662
1,OFF-AR-10001683
1,OFF-AR-10001725
1,OFF-AR-10001761
1,OFF-AR-10001770
1,OFF-AR-10001860
1,OFF-AR-10001868
1,OFF-AR-10001897
1,OFF-AR-10001915
1,OFF-AR-10001919
1,OFF-AR-10001940
1,OFF-AR-10001953
1,OFF-AR-10001954
1,OFF-AR-10001955
1,OFF-AR-10001958
1,OFF-AR-10001972
1,OFF-AR-10001988
1,OFF-AR-10002053
1,OFF-AR-10002067
1,OFF-AR-10002135
1,OFF-AR-10002221
1,OFF-AR-10002240
1,OFF-AR-10002255
1,OFF-AR-10002257
1,OFF-AR-10002280
1,OFF-AR-10002335
1,OFF-AR-10002375
1,OFF-AR-10002399
1,OFF-AR-10002445
1,OFF-AR-10002467
1,OFF-AR-10002578
1,OFF-AR-10002656
1,OFF-AR-10002671
1,OFF-AR-10002704
1,OFF-AR-10002766
1,OFF-AR-10002804
1,OFF-AR-10002818
1,OFF-AR-10002833
1,OFF-AR-10002952
1,OFF-AR-10002956
1,OFF-AR-10002987
1,OFF-AR-10003045
1,OFF-AR-10003056
1,OFF-AR-10003087
1,OFF-AR-10003156
1,OFF-AR-10003158
1,OFF-AR-10003179
1,OFF-AR-10003183
1,OFF-AR-10003190
1,OFF-AR-10003217
1,OFF-AR-10003251
1,OFF-AR-10003338
1,OFF-AR-10003373
1,OFF-AR-10003394
1,OFF-AR-10003405
1,OFF-AR-10003469
1,OFF-AR-10003477
1,OFF-AR-10003478
1,OFF-AR-10003481
1,OFF-AR-10003504
1,OFF-AR-10003514
1,OFF-AR-10003560
1,OFF-AR-10003582
1,OFF-AR-10003602
1,OFF-AR-10003631
1,OFF-AR-10003651
1,OFF-AR-10003696
1,OFF-AR-10003723
1,OFF-AR-10003727
1,OFF-AR-10003732
1,OFF-AR-10003752
1,OFF-AR-10003759
1,OFF-AR-10003770
1,OFF-AR-10003772
1,OFF-AR-10003811
1,OFF-AR-10003829
1,OFF-AR-10003856
1,OFF-AR-10003876
1,OFF-AR-10003896
1,OFF-AR-10003903
1,OFF-AR-10003958
1,OFF-AR-10003986
1,OFF-AR-10004010
1,OFF-AR-10004022
1,OFF-AR-10004027
1,OFF-AR-10004042
1,OFF-AR-10004062
1,OFF-AR-10004078
1,OFF-AR-10004165
1,OFF-AR-10004260
1,OFF-AR-10004269
1,OFF-AR-10004272
1,OFF-AR-10004344
1,OFF-AR-10004441
1,OFF-AR-10004456
1,OFF-AR-10004511
1,OFF-AR-10004582
1,OFF-AR-10004587
1,OFF-AR-10004602
1,OFF-AR-10004648
1,OFF-AR-10004685
1,OFF-AR-10004691
1,OFF-AR-10004707
1,OFF-AR-10004752
1,OFF-AR-10004757
1,OFF-AR-10004790
1,OFF-AR-10004817
1,OFF-AR-10004930
1,OFF-AR-10004956
1,OFF-AR-10004974
1,OFF-AR-10004999
1,OFF-BI-10000014
1,OFF-BI-10000042
1,OFF-BI-10000050
1,OFF-BI-10000069
1,OFF-BI-10000088
1,OFF-BI-10000136
1,OFF-BI-10000138
1,OFF-BI-10000145
1,OFF-BI-10000174
1,OFF-BI-10000201
1,OFF-BI-10000216
1,OFF-BI-10000279
1,OFF-BI-10000285
1,OFF-BI-10000301
1,OFF-BI-10000309
1,OFF-BI-10000315
1,OFF-BI-10000320
1,OFF-BI-10000343
1,OFF-BI-10000404
1,OFF-BI-10000474
1,OFF-BI-10000494
1,OFF-BI-10000545
1,OFF-BI-10000546
1,OFF-BI-10000591
1,OFF-BI-10000605
1,OFF-BI-10000632
1,OFF-BI-10000666
1,OFF-BI-10000756
1,OFF-BI-10000773
1,OFF-BI-10000778
1,OFF-BI-10000822
1,OFF-BI-10000829
1,OFF-BI-10000831
1,OFF-BI-10000848
1,OFF-BI-10000948
1,OFF-BI-10000962
1,OFF-BI-10000977
1,OFF-BI-10001031
1,OFF-BI-10001036
1,OFF-BI-10001071
1,OFF-BI-10001072
1,OFF-BI-10001078
1,OFF-BI-10001097
1,OFF-BI-10001098
1,OFF-BI-10001107
1,OFF-BI-10001116
1,OFF-BI-10001120
1,OFF-BI-10001132
1,OFF-BI-10001153
1,OFF-BI-10001191
1,OFF-BI-10001196
1,OFF-BI-10001249
1,OFF-BI-10001267
1,OFF-BI-10001294
1,OFF-BI-10001308
1,OFF-BI-10001359
1,OFF-BI-10001460
1,OFF-BI-10001510
1,OFF-BI-10001524
1,OFF-BI-10001525
1,OFF-BI-10001543
1,OFF-BI-10001553
1,OFF-BI-10001575
1,OFF-BI-10001597
1,OFF-BI-10001617
1,OFF-BI-10001628
1,OFF-BI-10001634
1,OFF-BI-10001636
1,OFF-BI-10001658
1,OFF-BI-10001670
1,OFF-BI-10001679
1,OFF-BI-10001718
1,OFF-BI-10001721
1,OFF-BI-10001757
1,OFF-BI-10001758
1,OFF-BI-10001759
1,OFF-BI-10001765
1,OFF-BI-10001787
1,OFF-BI-10001890
1,OFF-BI-10001900
1,OFF-BI-10001922
1,OFF-BI-10001982
1,OFF-BI-10001989
1,OFF-BI-10002003
1,OFF-BI-10002012
1,OFF-BI-10002026
1,OFF-BI-10002049
1,OFF-BI-10002071
1,OFF-BI-10002072
1,OFF-BI-10002082
1,OFF-BI-10002103
1,OFF-BI-10002133
1,OFF-BI-10002160
1,OFF-BI-10002194
1,OFF-BI-10002215
1,OFF-BI-10002225
1,OFF-BI-10002309
1,OFF-BI-10002353
1,OFF-BI-10002393
1,OFF-BI-10002412
1,OFF-BI-10002414
1,OFF-BI-10002429
1,OFF-BI-10002432
1,OFF-BI-10002437
1,OFF-BI-10002498
1,OFF-BI-10002557
1,OFF-BI-10002571
1,OFF-BI-10002609
1,OFF-BI-10002706
1,OFF-BI-10002735
1,OFF-BI-10002764
1,OFF-BI-10002794
1,OFF-BI-10002799
1,OFF-BI-10002813
1,OFF-BI-10002824
1,OFF-BI-10002827
1,OFF-BI-10002852
1,OFF-BI-10002854
1,OFF-BI-10002867
1,OFF-BI-10002897
1,OFF-BI-10002931
1,OFF-BI-10002949
1,OFF-BI-10002954
1,OFF-BI-10002976
1,OFF-BI-10002982
1,OFF-BI-10003007
1,OFF-BI-10003091
1,OFF-BI-10003094
1,OFF-BI-10003166
1,OFF-BI-10003196
1,OFF-BI-10003274
1,OFF-BI-10003291
1,OFF-BI-10003305
1,OFF-BI-10003314
1,OFF-BI-10003350
1,OFF-BI-10003355
1,OFF-BI-10003364
1,OFF-BI-10003429
1,OFF-BI-10003460
1,OFF-BI-10003476
1,OFF-BI-10003527
1,OFF-BI-10003529
1,OFF-BI-10003638
1,OFF-BI-10003650
1,OFF-BI-10003655
1,OFF-BI-10003656
1,OFF-BI-10003669
1,OFF-BI-10003676
1,OFF-BI-10003684
1,OFF-BI-10003694
1,OFF-BI-10003707
1,OFF-BI-10003708
1,OFF-BI-10003712
1,OFF-BI-10003718
1,OFF-BI-10003719
1,OFF-BI-10003727
1,OFF-BI-10003784
1,OFF-BI-10003876
1,OFF-BI-10003910
1,OFF-BI-10003925
1,OFF-BI-10003963
1,OFF-BI-10003981
1,OFF-BI-10003982
1,OFF-BI-10003984
1,OFF-BI-10004001
1,OFF-BI-10004002
1,OFF-BI-10004022
1,OFF-BI-10004040
1,OFF-BI-10004094
1,OFF-BI-10004099
1,OFF-BI-10004139
1,OFF-BI-10004140
1,OFF-BI-10004141
1,OFF-BI-10004182
1,OFF-BI-10004187
1,OFF-BI-10004209
1,OFF-BI-10004224
1,OFF-BI-10004230
1,OFF-BI-10004233
1,OFF-BI-10004236
1,OFF-BI-10004308
1,OFF-BI-10004318
1,OFF-BI-10004330
1,OFF-BI-10004352
1,OFF-BI-10004364
1,OFF-BI-10004390
1,OFF-BI-10004410
1,OFF-BI-10004465
1,OFF-BI-10004492
1,OFF-BI-10004506
1,OFF-BI-10004519
1,OFF-BI-10004528
1,OFF-BI-10004584
1,OFF-BI-10004593
1,OFF-BI-10004600
1,OFF-BI-10004632
1,OFF-BI-10004654
1,OFF-BI-10004656
1,OFF-BI-10004716
1,OFF-BI-10004728
1,OFF-BI-10004738
1,OFF-BI-10004781
1,OFF-BI-10004817
1,OFF-BI-10004826
1,OFF-BI-10004828
1,OFF-BI-10004876
1,OFF-BI-10004965
1,OFF-BI-10004967
1,OFF-BI-10004970
1,OFF-BI-10004995
1,OFF-EN-10000056
1,OFF-EN-10000461
1,OFF-EN-10000483
1,OFF-EN-10000781
1,OFF-EN-10000927
1,OFF-EN-10001028
1,OFF-EN-10001099
1,OFF-EN-10001137
1,OFF-EN-10001141
1,OFF-EN-10001219
1,OFF-EN-10001335
1,OFF-EN-10001415
1,OFF-EN-10001434
1,OFF-EN-10001453
1,OFF-EN-10001509
1,OFF-EN-10001532
1,OFF-EN-10001535
1,OFF-EN-10001539
1,OFF-EN-10001749
1,OFF-EN-10001990
1,OFF-EN-10002230
1,OFF-EN-10002312
1,OFF-EN-10002500
1,OFF-EN-10002504
1,OFF-EN-10002592
1,OFF-EN-10002600
1,OFF-EN-10002621
1,OFF-EN-10002831
1,OFF-EN-10002973
1,OFF-EN-10002986
1,OFF-EN-10003001
1,OFF-EN-10003040
1,OFF-EN-10003055
1,OFF-EN-10003068
1,OFF-EN-10003072
1,OFF-EN-10003134
1,OFF-EN-10003160
1,OFF-EN-10003286
1,OFF-EN-10003296
1,OFF-EN-10003448
1,OFF-EN-10003567
1,OFF-EN-10003798
1,OFF-EN-10003845
1,OFF-EN-10003862
1,OFF-EN-10004007
1,OFF-EN-10004030
1,OFF-EN-10004147
1,OFF-EN-10004206
1,OFF-EN-10004386
1,OFF-EN-10004459
1,OFF-EN-10004483
1,OFF-EN-10004773
1,OFF-EN-10004846
1,OFF-EN-10004955
1,OFF-FA-10000053
1,OFF-FA-10000089
1,OFF-FA-10000134
1,OFF-FA-10000254
1,OFF-FA-10000304
1,OFF-FA-10000490
1,OFF-FA-10000585
1,OFF-FA-10000611
1,OFF-FA-10000621
1,OFF-FA-10000624
1,OFF-FA-10000735
1,OFF-FA-10000840
1,OFF-FA-10000936
1,OFF-FA-10000992
1,OFF-FA-10001135
1,OFF-FA-10001229
1,OFF-FA-10001332
1,OFF-FA-10001561
1,OFF-FA-10001754
1,OFF-FA-10001843
1,OFF-FA-10001883
1,OFF-FA-10002280
1,OFF-FA-10002676
1,OFF-FA-10002701
1,OFF-FA-10002763
1,OFF-FA-10002780
1,OFF-FA-10002815
1,OFF-FA-10002975
1,OFF-FA-10002983
1,OFF-FA-10002988
1,OFF-FA-10003021
1,OFF-FA-10003059
1,OFF-FA-10003112
1,OFF-FA-10003467
1,OFF-FA-10003472
1,OFF-FA-10003485
1,OFF-FA-10003495
1,OFF-FA-10004076
1,OFF-FA-10004248
1,OFF-FA-10004395
1,OFF-FA-10004838
1,OFF-FA-10004854
1,OFF-FA-10004968
1,OFF-LA-10000081
1,OFF-LA-10000121
1,OFF-LA-10000134
1,OFF-LA-10000240
1,OFF-LA-10000248
1,OFF-LA-10000262
1,OFF-LA-10000305
1,OFF-LA-10000407
1,OFF-LA-10000414
1,OFF-LA-10000443
1,OFF-LA-10000452
1,OFF-LA-10000476
1,OFF-LA-10000634
1,OFF-LA-10000973
1,OFF-LA-10001045
1,OFF-LA-10001074
1,OFF-LA-10001158
1,OFF-LA-10001175
1,OFF-LA-10001297
1,OFF-LA-10001317
1,OFF-LA-10001404
1,OFF-LA-10001474
1,OFF-LA-10001569
1,OFF-LA-10001613
1,OFF-LA-10001641
1,OFF-LA-10001771
1,OFF-LA-10001934
1,OFF-LA-10001982
1,OFF-LA-10002034
1,OFF-LA-10002043
1,OFF-LA-10002195
1,OFF-LA-10002271
1,OFF-LA-10002312
1,OFF-LA-10002368
1,OFF-LA-10002381
1,OFF-LA-10002473
1,OFF-LA-10002475
1,OFF-LA-10002762
1,OFF-LA-10002787
1,OFF-LA-10002945
1,OFF-LA-10003077
1,OFF-LA-10003121
1,OFF-LA-10003148
1,OFF-LA-10003190
1,OFF-LA-10003223
1,OFF-LA-10003388
1,OFF-LA-10003498
1,OFF-LA-10003510
1,OFF-LA-10003537
1,OFF-LA-10003663
1,OFF-LA-10003714
1,OFF-LA-10003720
1,OFF-LA-10003766
1,OFF-LA-10003923
1,OFF-LA-10003930
1,OFF-LA-10004008
1,OFF-LA-10004055
1,OFF-LA-10004093
1,OFF-LA-10004178
1,OFF-LA-10004272
1,OFF-LA-10004345
1,OFF-LA-10004409
1,OFF-LA-10004425
1,OFF-LA-10004484
1,OFF-LA-10004544
1,OFF-LA-10004545
1,OFF-LA-10004559
1,OFF-LA-10004677
1,OFF-LA-10004689
1,OFF-LA-10004853
1,OFF-PA-10000007
1,OFF-PA-10000019
1,OFF-PA-10000029
1,OFF-PA-10000048
1,OFF-PA-10000061
1,OFF-PA-10000062
1,OFF-PA-10000069
1,OFF-PA-10000100
1,OFF-PA-10000130
1,OFF-PA-10000141
1,OFF-PA-10000143
1,OFF-PA-10000157
1,OFF-PA-10000167
1,OFF-PA-10000174
1,OFF-PA-10000176
1,OFF-PA-10000210
1,OFF-PA-10000213
1,OFF-PA-10000223
1,OFF-PA-10000232
1,OFF-PA-10000241
1,OFF-PA-10000246
1,OFF-PA-10000249
1,OFF-PA-10000289
1,OFF-PA-10000295
1,OFF-PA-10000300
1,OFF-PA-10000304
1,OFF-PA-10000308
1,OFF-PA-10000312
1,OFF-PA-10000327
1,OFF-PA-10000349
1,OFF-PA-10000350
1,OFF-PA-10000357
1,OFF-PA-10000380
1,OFF-PA-10000418
1,OFF-PA-10000466
1,OFF-PA-10000474
1,OFF-PA-10000477
1,OFF-PA-10000482
1,OFF-PA-10000483
1,OFF-PA-10000501
1,OFF-PA-10000520
1,OFF-PA-10000528
1,OFF-PA-10000533
1,OFF-PA-10000551
1,OFF-PA-10000552
1,OFF-PA-10000556
1,OFF-PA-10000565
1,OFF-PA-10000575
1,OFF-PA-10000587
1,OFF-PA-10000595
1,OFF-PA-10000605
1,OFF-PA-10000659
1,OFF-PA-10000673
1,OFF-PA-10000675
1,OFF-PA-10000682
1,OFF-PA-10000697
1,OFF-PA-10000726
1,OFF-PA-10000740
1,OFF-PA-10000743
1,OFF-PA-10000788
1,OFF-PA-10000791
1,OFF-PA-10000806
1,OFF-PA-10000807
1,OFF-PA-10000809
1,OFF-PA-10000859
1,OFF-PA-10000919
1,OFF-PA-10000955
1,OFF-PA-10000994
1,OFF-PA-10001001
1,OFF-PA-10001019
1,OFF-PA-10001033
1,OFF-PA-10001125
1,OFF-PA-10001144
1,OFF-PA-10001166
1,OFF-PA-10001184
1,OFF-PA-10001204
1,OFF-PA-10001215
1,OFF-PA-10001243
1,OFF-PA-10001246
1,OFF-PA-10001260
1,OFF-PA-10001274
1,OFF-PA-10001281
1,OFF-PA-10001289
1,OFF-PA-10001293
1,OFF-PA-10001295
1,OFF-PA-10001307
1,OFF-PA-10001357
1,OFF-PA-10001363
1,OFF-PA-10001450
1,OFF-PA-10001457
1,OFF-PA-10001461
1,OFF-PA-10001471
1,OFF-PA-10001497
1,OFF-PA-10001509
1,OFF-PA-10001526
1,OFF-PA-10001534
1,OFF-PA-10001560
1,OFF-PA-10001569
1,OFF-PA-10001583
1,OFF-PA-10001593
1,OFF-PA-10001609
1,OFF-PA-10001622
1,OFF-PA-10001639
1,OFF-PA-10001661
1,OFF-PA-10001667
1,OFF-PA-10001685
1,OFF-PA-10001712
1,OFF-PA-10001725
1,OFF-PA-10001736
1,OFF-PA-10001745
1,OFF-PA-10001752
1,OFF-PA-10001763
1,OFF-PA-10001776
1,OFF-PA-10001790
1,OFF-PA-10001800
1,OFF-PA-10001801
1,OFF-PA-10001804
1,OFF-PA-10001815
1,OFF-PA-10001826
1,OFF-PA-10001837
1,OFF-PA-10001838
1,OFF-PA-10001846
1,OFF-PA-10001870
1,OFF-PA-10001878
1,OFF-PA-10001892
1,OFF-PA-10001934
1,OFF-PA-10001937
1,OFF-PA-10001947
1,OFF-PA-10001950
1,OFF-PA-10001952
1,OFF-PA-10001954
1,OFF-PA-10001970
1,OFF-PA-10001972
1,OFF-PA-10001977
1,OFF-PA-10001994
1,OFF-PA-10002001
1,OFF-PA-10002005
1,OFF-PA-10002036
1,OFF-PA-10002105
1,OFF-PA-10002109
1,OFF-PA-10002120
1,OFF-PA-10002137
1,OFF-PA-10002160
1,OFF-PA-10002195
1,OFF-PA-10002222
1,OFF-PA-10002230
1,OFF-PA-10002245
1,OFF-PA-10002246
1,OFF-PA-10002250
1,OFF-PA-10002254
1,OFF-PA-10002259
1,OFF-PA-10002262
1,OFF-PA-10002319
1,OFF-PA-10002333
1,OFF-PA-10002365
1,OFF-PA-10002377
1,OFF-PA-10002421
1,OFF-PA-10002464
1,OFF-PA-10002479
1,OFF-PA-10002499
1,OFF-PA-10002552
1,OFF-PA-10002558
1,OFF-PA-10002581
1,OFF-PA-10002586
1,OFF-PA-10002606
1,OFF-PA-10002615
1,OFF-PA-10002659
1,OFF-PA-10002666
1,OFF-PA-10002689
1,OFF-PA-10002709
1,OFF-PA-10002713
1,OFF-PA-10002741
1,OFF-PA-10002749
1,OFF-PA-10002751
1,OFF-PA-10002764
1,OFF-PA-10002787
1,OFF-PA-10002870
1,OFF-PA-10002893
1,OFF-PA-10002923
1,OFF-PA-10002947
1,OFF-PA-10002960
1,OFF-PA-10002968
1,OFF-PA-10002986
1,OFF-PA-10003001
1,OFF-PA-10003016
1,OFF-PA-10003022
1,OFF-PA-10003036
1,OFF-PA-10003039
1,OFF-PA-10003063
1,OFF-PA-10003072
1,OFF-PA-10003127
1,OFF-PA-10003129
1,OFF-PA-10003134
1,OFF-PA-10003172
1,OFF-PA-10003177
1,OFF-PA-10003205
1,OFF-PA-10003228
1,OFF-PA-10003256
1,OFF-PA-10003270
1,OFF-PA-10003302
1,OFF-PA-10003309
1,OFF-PA-10003349
1,OFF-PA-10003363
1,OFF-PA-10003395
1,OFF-PA-10003424
1,OFF-PA-10003441
1,OFF-PA-10003465
1,OFF-PA-10003543
1,OFF-PA-10003591
1,OFF-PA-10003625
1,OFF-PA-10003641
1,OFF-PA-10003651
1,OFF-PA-10003656
1,OFF-PA-10003657
1,OFF-PA-10003673
1,OFF-PA-10003724
1,OFF-PA-10003729
1,OFF-PA-10003739
1,OFF-PA-10003790
1,OFF-PA-10003797
1,OFF-PA-10003823
1,OFF-PA-10003845
1,OFF-PA-10003848
1,OFF-PA-10003883
1,OFF-PA-10003892
1,OFF-PA-10003893
1,OFF-PA-10003919
1,OFF-PA-10003936
1,OFF-PA-10003953
1,OFF-PA-10003971
1,OFF-PA-10004000
1,OFF-PA-10004022
1,OFF-PA-10004039
1,OFF-PA-10004040
1,OFF-PA-10004041
1,OFF-PA-10004071
1,OFF-PA-10004082
1,OFF-PA-10004092
1,OFF-PA-10004100
1,OFF-PA-10004101
1,OFF-PA-10004156
1,OFF-PA-10004239
1,OFF-PA-10004243
1,OFF-PA-10004248
1,OFF-PA-10004255
1,OFF-PA-10004285
1,OFF-PA-10004327
1,OFF-PA-10004353
1,OFF-PA-10004355
1,OFF-PA-10004359
1,OFF-PA-10004381
1,OFF-PA-10004405
1,OFF-PA-10004438
1,OFF-PA-10004451
1,OFF-PA-10004470
1,OFF-PA-10004475
1,OFF-PA-10004519
1,OFF-PA-10004530
1,OFF-PA-10004569
1,OFF-PA-10004609
1,OFF-PA-10004610
1,OFF-PA-10004621
1,OFF-PA-10004665
1,OFF-PA-10004675
1,OFF-PA-10004733
1,OFF-PA-10004734
1,OFF-PA-10004735
1,OFF-PA-10004782
1,OFF-PA-10004888
1,OFF-PA-10004911
1,OFF-PA-10004947
1,OFF-PA-10004948
1,OFF-PA-10004965
1,OFF-PA-10004971
1,OFF-PA-10004983
1,OFF-PA-10004996
1,OFF-ST-10000025
1,OFF-ST-10000036
1,OFF-ST-10000046
1,OFF-ST-10000060
1,OFF-ST-10000078
1,OFF-ST-10000107
1,OFF-ST-10000129
1,OFF-ST-10000136
1,OFF-ST-10000142
1,OFF-ST-10000321
1,OFF-ST-10000344
1,OFF-ST-10000352
1,OFF-ST-10000419
1,OFF-ST-10000464
1,OFF-ST-10000532
1,OFF-ST-10000563
1,OFF-ST-10000585
1,OFF-ST-10000604
1,OFF-ST-10000615
1,OFF-ST-10000617
1,OFF-ST-10000636
1,OFF-ST-10000642
1,OFF-ST-10000649
1,OFF-ST-10000675
1,OFF-ST-10000676
1,OFF-ST-10000689
1,OFF-ST-10000736
1,OFF-ST-10000760
1,OFF-ST-10000777
1,OFF-ST-10000798
1,OFF-ST-10000876
1,OFF-ST-10000877
1,OFF-ST-10000885
1,OFF-ST-10000918
1,OFF-ST-10000934
1,OFF-ST-10000943
1,OFF-ST-10000991
1,OFF-ST-10001031
1,OFF-ST-10001034
1,OFF-ST-10001097
1,OFF-ST-10001128
1,OFF-ST-10001172
1,OFF-ST-10001228
1,OFF-ST-10001272
1,OFF-ST-10001291
1,OFF-ST-10001321
1,OFF-ST-10001325
1,OFF-ST-10001328
1,OFF-ST-10001370
1,OFF-ST-10001414
1,OFF-ST-10001418
1,OFF-ST-10001469
1,OFF-ST-10001476
1,OFF-ST-10001490
1,OFF-ST-10001496
1,OFF-ST-10001505
1,OFF-ST-10001511
1,OFF-ST-10001522
1,OFF-ST-10001526
1,OFF-ST-10001558
1,OFF-ST-10001580
1,OFF-ST-10001590
1,OFF-ST-10001627
1,OFF-ST-10001713
1,OFF-ST-10001780
1,OFF-ST-10001809
1,OFF-ST-10001837
1,OFF-ST-10001932
1,OFF-ST-10001963
1,OFF-ST-10002011
1,OFF-ST-10002182
1,OFF-ST-10002205
1,OFF-ST-10002214
1,OFF-ST-10002276
1,OFF-ST-10002289
1,OFF-ST-10002292
1,OFF-ST-10002301
1,OFF-ST-10002344
1,OFF-ST-10002352
1,OFF-ST-10002370
1,OFF-ST-10002406
1,OFF-ST-10002444
1,OFF-ST-10002485
1,OFF-ST-10002486
1,OFF-ST-10002554
1,OFF-ST-10002562
1,OFF-ST-10002574
1,OFF-ST-10002583
1,OFF-ST-10002615
1,OFF-ST-10002743
1,OFF-ST-10002756
1,OFF-ST-10002790
1,OFF-ST-10002957
1,OFF-ST-10002974
1,OFF-ST-10003058
1,OFF-ST-10003123
1,OFF-ST-10003208
1,OFF-ST-10003221
1,OFF-ST-10003282
1,OFF-ST-10003306
1,OFF-ST-10003324
1,OFF-ST-10003327
1,OFF-ST-10003442
1,OFF-ST-10003455
1,OFF-ST-10003470
1,OFF-ST-10003479
1,OFF-ST-10003572
1,OFF-ST-10003638
1,OFF-ST-10003641
1,OFF-ST-10003656
1,OFF-ST-10003692
1,OFF-ST-10003716
1,OFF-ST-10003722
1,OFF-ST-10003805
1,OFF-ST-10003816
1,OFF-ST-10003994
1,OFF-ST-10003996
1,OFF-ST-10004123
1,OFF-ST-10004180
1,OFF-ST-10004186
1,OFF-ST-10004258
1,OFF-ST-10004337
1,OFF-ST-10004340
1,OFF-ST-10004459
1,OFF-ST-10004507
1,OFF-ST-10004634
1,OFF-ST-10004804
1,OFF-ST-10004835
1,OFF-ST-10004946
1,OFF-ST-10004950
1,OFF-ST-10004963
1,OFF-SU-10000151
1,OFF-SU-10000157
1,OFF-SU-10000381
1,OFF-SU-10000432
1,OFF-SU-10000646
1,OFF-SU-10000898
1,OFF-SU-10000946
1,OFF-SU-10000952
1,OFF-SU-10001165
1,OFF-SU-10001212
1,OFF-SU-10001218
1,OFF-SU-10001225
1,OFF-SU-10001574
1,OFF-SU-10001664
1,OFF-SU-10001935
1,OFF-SU-10002189
1,OFF-SU-10002301
1,OFF-SU-10002503
1,OFF-SU-10002522
1,OFF-SU-10002537
1,OFF-SU-10002557
1,OFF-SU-10002573
1,OFF-SU-10002881
1,OFF-SU-10003002
1,OFF-SU-10003505
1,OFF-SU-10003567
1,OFF-SU-10003936
1,OFF-SU-10004115
1,OFF-SU-10004231
1,OFF-SU-10004261
1,OFF-SU-10004290
1,OFF-SU-10004498
1,OFF-SU-10004661
1,OFF-SU-10004664
1,OFF-SU-10004737
1,OFF-SU-10004768
1,OFF-SU-10004782
1,OFF-SU-10004884
1,TEC-AC-10000023
1,TEC-AC-10000057
1,TEC-AC-10000109
1,TEC-AC-10000158
1,TEC-AC-10000171
1,TEC-AC-10000199
1,TEC-AC-10000290
1,TEC-AC-10000303
1,TEC-AC-10000358
1,TEC-AC-10000387
1,TEC-AC-10000397
1,TEC-AC-10000420
1,TEC-AC-10000474
1,TEC-AC-10000487
1,TEC-AC-10000521
1,TEC-AC-10000580
1,TEC-AC-10000682
1,TEC-AC-10000710
1,TEC-AC-10000736
1,TEC-AC-10000844
1,TEC-AC-10000865
1,TEC-AC-10000892
1,TEC-AC-10000926
1,TEC-AC-10000927
1,TEC-AC-10000990
1,TEC-AC-10000991
1,TEC-AC-10001013
1,TEC-AC-10001090
1,TEC-AC-10001101
1,TEC-AC-10001109
1,TEC-AC-10001114
1,TEC-AC-10001142
1,TEC-AC-10001266
1,TEC-AC-10001267
1,TEC-AC-10001284
1,TEC-AC-10001314
1,TEC-AC-10001383
1,TEC-AC-10001432
1,TEC-AC-10001445
1,TEC-AC-10001465
1,TEC-AC-10001539
1,TEC-AC-10001542
1,TEC-AC-10001552
1,TEC-AC-10001553
1,TEC-AC-10001590
1,TEC-AC-10001606
1,TEC-AC-10001635
1,TEC-AC-10001714
1,TEC-AC-10001767
1,TEC-AC-10001772
1,TEC-AC-10001838
1,TEC-AC-10001874
1,TEC-AC-10001908
1,TEC-AC-10001956
1,TEC-AC-10001990
1,TEC-AC-10001998
1,TEC-AC-10002001
1,TEC-AC-10002006
1,TEC-AC-10002018
1,TEC-AC-10002049
1,TEC-AC-10002076
1,TEC-AC-10002134
1,TEC-AC-10002167
1,TEC-AC-10002217
1,TEC-AC-10002253
1,TEC-AC-10002305
1,TEC-AC-10002323
1,TEC-AC-10002331
1,TEC-AC-10002335
1,TEC-AC-10002345
1,TEC-AC-10002370
1,TEC-AC-10002380
1,TEC-AC-10002399
1,TEC-AC-10002402
1,TEC-AC-10002473
1,TEC-AC-10002550
1,TEC-AC-10002558
1,TEC-AC-10002567
1,TEC-AC-10002600
1,TEC-AC-10002637
1,TEC-AC-10002647
1,TEC-AC-10002718
1,TEC-AC-10002800
1,TEC-AC-10002842
1,TEC-AC-10002857
1,TEC-AC-10002926
1,TEC-AC-10002942
1,TEC-AC-10003023
1,TEC-AC-10003027
1,TEC-AC-10003033
1,TEC-AC-10003038
1,TEC-AC-10003063
1,TEC-AC-10003095
1,TEC-AC-10003116
1,TEC-AC-10003133
1,TEC-AC-10003174
1,TEC-AC-10003198
1,TEC-AC-10003237
1,TEC-AC-10003280
1,TEC-AC-10003289
1,TEC-AC-10003399
1,TEC-AC-10003433
1,TEC-AC-10003441
1,TEC-AC-10003447
1,TEC-AC-10003499
1,TEC-AC-10003590
1,TEC-AC-10003610
1,TEC-AC-10003614
1,TEC-AC-10003628
1,TEC-AC-10003657
1,TEC-AC-10003709
1,TEC-AC-10003832
1,TEC-AC-10003870
1,TEC-AC-10003911
1,TEC-AC-10004001
1,TEC-AC-10004114
1,TEC-AC-10004127
1,TEC-AC-10004145
1,TEC-AC-10004171
1,TEC-AC-10004209
1,TEC-AC-10004227
1,TEC-AC-10004353
1,TEC-AC-10004396
1,TEC-AC-10004420
1,TEC-AC-10004469
1,TEC-AC-10004510
1,TEC-AC-10004518
1,TEC-AC-10004568
1,TEC-AC-10004571
1,TEC-AC-10004595
1,TEC-AC-10004633
1,TEC-AC-10004659
1,TEC-AC-10004666
1,TEC-AC-10004708
1,TEC-AC-10004761
1,TEC-AC-10004803
1,TEC-AC-10004814
1,TEC-AC-10004855
1,TEC-AC-10004859
1,TEC-AC-10004864
1,TEC-AC-10004877
1,TEC-AC-10004901
1,TEC-AC-10004975
1,TEC-AC-10004992
1,TEC-CO-10000971
1,TEC-CO-10001046
1,TEC-CO-10001449
1,TEC-CO-10001571
1,TEC-CO-10001766
1,TEC-CO-10001943
1,TEC-CO-10002095
1,TEC-CO-10002313
1,TEC-CO-10003236
1,TEC-CO-10003763
1,TEC-CO-10004115
1,TEC-CO-10004202
1,TEC-CO-10004722
1,TEC-MA-10000010
1,TEC-MA-10000029
1,TEC-MA-10000045
1,TEC-MA-10000112
1,TEC-MA-10000418
1,TEC-MA-10000423
1,TEC-MA-10000488
1,TEC-MA-10000597
1,TEC-MA-10000752
1,TEC-MA-10000822
1,TEC-MA-10000864
1,TEC-MA-10000904
1,TEC-MA-10000984
1,TEC-MA-10001016
1,TEC-MA-10001031
1,TEC-MA-10001047
1,TEC-MA-10001127
1,TEC-MA-10001148
1,TEC-MA-10001570
1,TEC-MA-10001681
1,TEC-MA-10001695
1,TEC-MA-10001856
1,TEC-MA-10001972
1,TEC-MA-10002073
1,TEC-MA-10002109
1,TEC-MA-10002178
1,TEC-MA-10002210
1,TEC-MA-10002412
1,TEC-MA-10002428
1,TEC-MA-10002694
1,TEC-MA-10002790
1,TEC-MA-10002859
1,TEC-MA-10002927
1,TEC-MA-10002930
1,TEC-MA-10002937
1,TEC-MA-10002981
1,TEC-MA-10003066
1,TEC-MA-10003173
1,TEC-MA-10003176
1,TEC-MA-10003183
1,TEC-MA-10003230
1,TEC-MA-10003246
1,TEC-MA-10003329
1,TEC-MA-10003337
1,TEC-MA-10003353
1,TEC-MA-10003356
1,TEC-MA-10003493
1,TEC-MA-10003589
1,TEC-MA-10003626
1,TEC-MA-10003673
1,TEC-MA-10003674
1,TEC-MA-10003979
1,TEC-MA-10004002
1,TEC-MA-10004086
1,TEC-MA-10004125
1,TEC-MA-10004212
1,TEC-MA-10004241
1,TEC-MA-10004255
1,TEC-MA-10004458
1,TEC-MA-10004521
1,TEC-MA-10004552
1,TEC-MA-10004626
1,TEC-MA-10004679
1,TEC-PH-10000004
1,TEC-PH-10000011
1,TEC-PH-10000038
1,TEC-PH-10000127
1,TEC-PH-10000141
1,TEC-PH-10000148
1,TEC-PH-10000149
1,TEC-PH-10000169
1,TEC-PH-10000193
1,TEC-PH-10000213
1,TEC-PH-10000215
1,TEC-PH-10000307
1,TEC-PH-10000347
1,TEC-PH-10000369
1,TEC-PH-10000376
1,TEC-PH-10000439
1,TEC-PH-10000441
1,TEC-PH-10000455
1,TEC-PH-10000486
1,TEC-PH-10000526
1,TEC-PH-10000560
1,TEC-PH-10000562
1,TEC-PH-10000576
1,TEC-PH-10000586
1,TEC-PH-10000673
1,TEC-PH-10000675
1,TEC-PH-10000702
1,TEC-PH-10000730
1,TEC-PH-10000895
1,TEC-PH-10000912
1,TEC-PH-10000923
1,TEC-PH-10000984
1,TEC-PH-10001051
1,TEC-PH-10001061
1,TEC-PH-10001079
1,TEC-PH-10001128
1,TEC-PH-10001198
1,TEC-PH-10001254
1,TEC-PH-10001299
1,TEC-PH-10001300
1,TEC-PH-10001305
1,TEC-PH-10001336
1,TEC-PH-10001363
1,TEC-PH-10001425
1,TEC-PH-10001433
1,TEC-PH-10001448
1,TEC-PH-10001459
1,TEC-PH-10001468
1,TEC-PH-10001494
1,TEC-PH-10001527
1,TEC-PH-10001530
1,TEC-PH-10001536
1,TEC-PH-10001552
1,TEC-PH-10001557
1,TEC-PH-10001578
1,TEC-PH-10001580
1,TEC-PH-10001615
1,TEC-PH-10001619
1,TEC-PH-10001644
1,TEC-PH-10001700
1,TEC-PH-10001750
1,TEC-PH-10001760
1,TEC-PH-10001795
1,TEC-PH-10001809
1,TEC-PH-10001817
1,TEC-PH-10001819
1,TEC-PH-10001835
1,TEC-PH-10001870
1,TEC-PH-10001918
1,TEC-PH-10001924
1,TEC-PH-10001944
1,TEC-PH-10001949
1,TEC-PH-10002033
1,TEC-PH-10002070
1,TEC-PH-10002075
1,TEC-PH-10002085
1,TEC-PH-10002103
1,TEC-PH-10002114
1,TEC-PH-10002115
1,TEC-PH-10002170
1,TEC-PH-10002185
1,TEC-PH-10002200
1,TEC-PH-10002262
1,TEC-PH-10002275
1,TEC-PH-10002293
1,TEC-PH-10002310
1,TEC-PH-10002350
1,TEC-PH-10002352
1,TEC-PH-10002365
1,TEC-PH-10002398
1,TEC-PH-10002415
1,TEC-PH-10002447
1,TEC-PH-10002468
1,TEC-PH-10002483
1,TEC-PH-10002496
1,TEC-PH-10002538
1,TEC-PH-10002549
1,TEC-PH-10002555
1,TEC-PH-10002563
1,TEC-PH-10002564
1,TEC-PH-10002583
1,TEC-PH-10002584
1,TEC-PH-10002597
1,TEC-PH-10002624
1,TEC-PH-10002645
1,TEC-PH-10002660
1,TEC-PH-10002680
1,TEC-PH-10002726
1,TEC-PH-10002789
1,TEC-PH-10002807
1,TEC-PH-10002817
1,TEC-PH-10002824
1,TEC-PH-10002834
1,TEC-PH-10002844
1,TEC-PH-10002885
1,TEC-PH-10002890
1,TEC-PH-10002922
1,TEC-PH-10002923
1,TEC-PH-10003012
1,TEC-PH-10003072
1,TEC-PH-10003092
1,TEC-PH-10003095
1,TEC-PH-10003171
1,TEC-PH-10003174
1,TEC-PH-10003187
1,TEC-PH-10003215
1,TEC-PH-10003273
1,TEC-PH-10003356
1,TEC-PH-10003357
1,TEC-PH-10003437
1,TEC-PH-10003442
1,TEC-PH-10003484
1,TEC-PH-10003505
1,TEC-PH-10003535
1,TEC-PH-10003555
1,TEC-PH-10003580
1,TEC-PH-10003589
1,TEC-PH-10003601
1,TEC-PH-10003645
1,TEC-PH-10003655
1,TEC-PH-10003691
1,TEC-PH-10003800
1,TEC-PH-10003811
1,TEC-PH-10003875
1,TEC-PH-10003885
1,TEC-PH-10003931
1,TEC-PH-10003963
1,TEC-PH-10003988
1,TEC-PH-10004006
1,TEC-PH-10004042
1,TEC-PH-10004071
1,TEC-PH-10004080
1,TEC-PH-10004093
1,TEC-PH-10004094
1,TEC-PH-10004100
1,TEC-PH-10004120
1,TEC-PH-10004165
1,TEC-PH-10004188
1,TEC-PH-10004241
1,TEC-PH-10004345
1,TEC-PH-10004348
1,TEC-PH-10004389
1,TEC-PH-10004434
1,TEC-PH-10004447
1,TEC-PH-10004522
1,TEC-PH-10004531
1,TEC-PH-10004536
1,TEC-PH-10004539
1,TEC-PH-10004586
1,TEC-PH-10004614
1,TEC-PH-10004667
1,TEC-PH-10004700
1,TEC-PH-10004774
1,TEC-PH-10004830
1,TEC-PH-10004833
1,TEC-PH-10004875
1,TEC-PH-10004896
1,TEC-PH-10004897
1,TEC-PH-10004908
1,TEC-PH-10004912
1,TEC-PH-10004922
1,TEC-PH-10004924
1,TEC-PH-10004959
1,TEC-PH-10004977
2,FUR-BO-10000112
2,FUR-BO-10000330
2,FUR-BO-10000362
2,FUR-BO-10000468
2,FUR-BO-10000711
2,FUR-BO-10000780
2,FUR-BO-10001337
2,FUR-BO-10001519
2,FUR-BO-10001567
2,FUR-BO-10001601
2,FUR-BO-10001608
2,FUR-BO-10001619
2,FUR-BO-10001798
2,FUR-BO-10001811
2,FUR-BO-10001918
2,FUR-BO-10001972
2,FUR-BO-10002202
2,FUR-BO-10002206
2,FUR-BO-10002213
2,FUR-BO-10002268
2,FUR-BO-10002545
2,FUR-BO-10002598
2,FUR-BO-10002613
2,FUR-BO-10002824
2,FUR-BO-10002853
2,FUR-BO-10002916
2,FUR-BO-10003034
2,FUR-BO-10003159
2,FUR-BO-10003272
2,FUR-BO-10003404
2,FUR-BO-10003433
2,FUR-BO-10003441
2,FUR-BO-10003450
2,FUR-BO-10003546
2,FUR-BO-10003660
2,FUR-BO-10003893
2,FUR-BO-10003894
2,FUR-BO-10003965
2,FUR-BO-10003966
2,FUR-BO-10004015
2,FUR-BO-10004218
2,FUR-BO-10004357
2,FUR-BO-10004360
2,FUR-BO-10004409
2,FUR-BO-10004467
2,FUR-BO-10004690
2,FUR-BO-10004695
2,FUR-BO-10004709
2,FUR-BO-10004834
2,FUR-CH-10000015
2,FUR-CH-10000155
2,FUR-CH-10000225
2,FUR-CH-10000229
2,FUR-CH-10000309
2,FUR-CH-10000422
2,FUR-CH-10000454
2,FUR-CH-10000513
2,FUR-CH-10000553
2,FUR-CH-10000595
2,FUR-CH-10000665
2,FUR-CH-10000749
2,FUR-CH-10000785
2,FUR-CH-10000847
2,FUR-CH-10000863
2,FUR-CH-10000988
2,FUR-CH-10001146
2,FUR-CH-10001190
2,FUR-CH-10001215
2,FUR-CH-10001270
2,FUR-CH-10001394
2,FUR-CH-10001482
2,FUR-CH-10001545
2,FUR-CH-10001708
2,FUR-CH-10001714
2,FUR-CH-10001797
2,FUR-CH-10001802
2,FUR-CH-10001854
2,FUR-CH-10001891
2,FUR-CH-10001973
2,FUR-CH-10002017
2,FUR-CH-10002024
2,FUR-CH-10002044
2,FUR-CH-10002073
2,FUR-CH-10002084
2,FUR-CH-10002126
2,FUR-CH-10002304
2,FUR-CH-10002317
2,FUR-CH-10002320
2,FUR-CH-10002331
2,FUR-CH-10002335
2,FUR-CH-10002372
2,FUR-CH-10002439
2,FUR-CH-10002602
2,FUR-CH-10002647
2,FUR-CH-10002758
2,FUR-CH-10002774
2,FUR-CH-10002780
2,FUR-CH-10002880
2,FUR-CH-10002961
2,FUR-CH-10002965
2,FUR-CH-10003061
2,FUR-CH-10003199
2,FUR-CH-10003298
2,FUR-CH-10003312
2,FUR-CH-10003379
2,FUR-CH-10003396
2,FUR-CH-10003535
2,FUR-CH-10003606
2,FUR-CH-10003746
2,FUR-CH-10003761
2,FUR-CH-10003774
2,FUR-CH-10003817
2,FUR-CH-10003833
2,FUR-CH-10003846
2,FUR-CH-10003956
2,FUR-CH-10003968
2,FUR-CH-10003973
2,FUR-CH-10003981
2,FUR-CH-10004063
2,FUR-CH-10004086
2,FUR-CH-10004218
2,FUR-CH-10004287
2,FUR-CH-10004289
2,FUR-CH-10004477
2,FUR-CH-10004495
2,FUR-CH-10004540
2,FUR-CH-10004626
2,FUR-CH-10004675
2,FUR-CH-10004698
2,FUR-CH-10004754
2,FUR-CH-10004853
2,FUR-CH-10004860
2,FUR-CH-10004875
2,FUR-CH-10004886
2,FUR-CH-10004983
2,FUR-CH-10004997
2,FUR-FU-10000010
2,FUR-FU-10000023
2,FUR-FU-10000073
2,FUR-FU-10000076
2,FUR-FU-10000087
2,FUR-FU-10000175
2,FUR-FU-10000193
2,FUR-FU-10000206
2,FUR-FU-10000221
2,FUR-FU-10000222
2,FUR-FU-10000246
2,FUR-FU-10000260
2,FUR-FU-10000277
2,FUR-FU-10000293
2,FUR-FU-10000305
2,FUR-FU-10000308
2,FUR-FU-10000320
2,FUR-FU-10000397
2,FUR-FU-10000409
2,FUR-FU-10000448
2,FUR-FU-10000521
2,FUR-FU-10000550
2,FUR-FU-10000576
2,FUR-FU-10000629
2,FUR-FU-10000672
2,FUR-FU-10000719
2,FUR-FU-10000723
2,FUR-FU-10000732
2,FUR-FU-10000747
2,FUR-FU-10000755
2,FUR-FU-10000758
2,FUR-FU-10000771
2,FUR-FU-10000794
2,FUR-FU-10000820
2,FUR-FU-10000965
2,FUR-FU-10001025
2,FUR-FU-10001037
2,FUR-FU-10001057
2,FUR-FU-10001085
2,FUR-FU-10001095
2,FUR-FU-10001185
2,FUR-FU-10001196
2,FUR-FU-10001215
2,FUR-FU-10001290
2,FUR-FU-10001379
2,FUR-FU-10001424
2,FUR-FU-10001468
2,FUR-FU-10001473
2,FUR-FU-10001475
2,FUR-FU-10001487
2,FUR-FU-10001488
2,FUR-FU-10001546
2,FUR-FU-10001588
2,FUR-FU-10001591
2,FUR-FU-10001602
2,FUR-FU-10001617
2,FUR-FU-10001706
2,FUR-FU-10001731
2,FUR-FU-10001756
2,FUR-FU-10001847
2,FUR-FU-10001852
2,FUR-FU-10001861
2,FUR-FU-10001867
2,FUR-FU-10001876
2,FUR-FU-10001889
2,FUR-FU-10001918
2,FUR-FU-10001934
2,FUR-FU-10001935
2,FUR-FU-10001940
2,FUR-FU-10001967
2,FUR-FU-10001979
2,FUR-FU-10001986
2,FUR-FU-10002030
2,FUR-FU-10002045
2,FUR-FU-10002088
2,FUR-FU-10002107
2,FUR-FU-10002111
2,FUR-FU-10002116
2,FUR-FU-10002157
2,FUR-FU-10002191
2,FUR-FU-10002240
2,FUR-FU-10002253
2,FUR-FU-10002268
2,FUR-FU-10002298
2,FUR-FU-10002364
2,FUR-FU-10002379
2,FUR-FU-10002396
2,FUR-FU-10002445
2,FUR-FU-10002456
2,FUR-FU-10002501
2,FUR-FU-10002505
2,FUR-FU-10002506
2,FUR-FU-10002508
2,FUR-FU-10002553
2,FUR-FU-10002554
2,FUR-FU-10002597
2,FUR-FU-10002671
2,FUR-FU-10002685
2,FUR-FU-10002703
2,FUR-FU-10002759
2,FUR-FU-10002813
2,FUR-FU-10002874
2,FUR-FU-10002878
2,FUR-FU-10002885
2,FUR-FU-10002918
2,FUR-FU-10002937
2,FUR-FU-10002960
2,FUR-FU-10002963
2,FUR-FU-10003026
2,FUR-FU-10003039
2,FUR-FU-10003095
2,FUR-FU-10003096
2,FUR-FU-10003142
2,FUR-FU-10003192
2,FUR-FU-10003194
2,FUR-FU-10003247
2,FUR-FU-10003268
2,FUR-FU-10003274
2,FUR-FU-10003347
2,FUR-FU-10003374
2,FUR-FU-10003394
2,FUR-FU-10003424
2,FUR-FU-10003464
2,FUR-FU-10003489
2,FUR-FU-10003535
2,FUR-FU-10003553
2,FUR-FU-10003577
2,FUR-FU-10003601
2,FUR-FU-10003623
2,FUR-FU-10003664
2,FUR-FU-10003691
2,FUR-FU-10003708
2,FUR-FU-10003724
2,FUR-FU-10003731
2,FUR-FU-10003773
2,FUR-FU-10003798
2,FUR-FU-10003799
2,FUR-FU-10003806
2,FUR-FU-10003829
2,FUR-FU-10003832
2,FUR-FU-10003849
2,FUR-FU-10003878
2,FUR-FU-10003919
2,FUR-FU-10003930
2,FUR-FU-10003975
2,FUR-FU-10003976
2,FUR-FU-10003981
2,FUR-FU-10004006
2,FUR-FU-10004017
2,FUR-FU-10004018
2,FUR-FU-10004020
2,FUR-FU-10004053
2,FUR-FU-10004071
2,FUR-FU-10004090
2,FUR-FU-10004091
2,FUR-FU-10004093
2,FUR-FU-10004164
2,FUR-FU-10004188
2,FUR-FU-10004245
2,FUR-FU-10004270
2,FUR-FU-10004306
2,FUR-FU-10004351
2,FUR-FU-10004415
2,FUR-FU-10004460
2,FUR-FU-10004586
2,FUR-FU-10004587
2,FUR-FU-10004597
2,FUR-FU-10004622
2,FUR-FU-10004665
2,FUR-FU-10004666
2,FUR-FU-10004671
2,FUR-FU-10004712
2,FUR-FU-10004748
2,FUR-FU-10004845
2,FUR-FU-10004848
2,FUR-FU-10004864
2,FUR-FU-10004904
2,FUR-FU-10004909
2,FUR-FU-10004952
2,FUR-FU-10004960
2,FUR-FU-10004963
2,FUR-FU-10004973
2,FUR-TA-10000198
2,FUR-TA-10000577
2,FUR-TA-10000617
2,FUR-TA-10000688
2,FUR-TA-10000849
2,FUR-TA-10001039
2,FUR-TA-10001086
2,FUR-TA-10001095
2,FUR-TA-10001307
2,FUR-TA-10001520
2,FUR-TA-10001539
2,FUR-TA-10001676
2,FUR-TA-10001691
2,FUR-TA-10001705
2,FUR-TA-10001768
2,FUR-TA-10001771
2,FUR-TA-10001857
2,FUR-TA-10001866
2,FUR-TA-10001889
2,FUR-TA-10001932
2,FUR-TA-10001950
2,FUR-TA-10002041
2,FUR-TA-10002228
2,FUR-TA-10002356
2,FUR-TA-10002530
2,FUR-TA-10002533
2,FUR-TA-10002607
2,FUR-TA-10002622
2,FUR-TA-10002645
2,FUR-TA-10002774
2,FUR-TA-10002855
2,FUR-TA-10002903
2,FUR-TA-10002958
2,FUR-TA-10003008
2,FUR-TA-10003238
2,FUR-TA-10003392
2,FUR-TA-10003469
2,FUR-TA-10003473
2,FUR-TA-10003569
2,FUR-TA-10003715
2,FUR-TA-10003748
2,FUR-TA-10003837
2,FUR-TA-10003954
2,FUR-TA-10004086
2,FUR-TA-10004147
2,FUR-TA-10004152
2,FUR-TA-10004154
2,FUR-TA-10004175
2,FUR-TA-10004256
2,FUR-TA-10004289
2,FUR-TA-10004442
2,FUR-TA-10004534
2,FUR-TA-10004575
2,FUR-TA-10004607
2,FUR-TA-10004619
2,FUR-TA-10004767
2,FUR-TA-10004915
2,OFF-AP-10000026
2,OFF-AP-10000027
2,OFF-AP-10000055
2,OFF-AP-10000124
2,OFF-AP-10000159
2,OFF-AP-10000179
2,OFF-AP-10000240
2,OFF-AP-10000252
2,OFF-AP-10000275
2,OFF-AP-10000326
2,OFF-AP-10000358
2,OFF-AP-10000390
2,OFF-AP-10000576
2,OFF-AP-10000595
2,OFF-AP-10000692
2,OFF-AP-10000696
2,OFF-AP-10000804
2,OFF-AP-10000828
2,OFF-AP-10000891
2,OFF-AP-10000938
2,OFF-AP-10001005
2,OFF-AP-10001058
2,OFF-AP-10001124
2,OFF-AP-10001154
2,OFF-AP-10001205
2,OFF-AP-10001242
2,OFF-AP-10001271
2,OFF-AP-10001293
2,OFF-AP-10001303
2,OFF-AP-10001366
2,OFF-AP-10001391
2,OFF-AP-10001394
2,OFF-AP-10001469
2,OFF-AP-10001492
2,OFF-AP-10001563
2,OFF-AP-10001564
2,OFF-AP-10001626
2,OFF-AP-10001634
2,OFF-AP-10001947
2,OFF-AP-10001962
2,OFF-AP-10002082
2,OFF-AP-10002118
2,OFF-AP-10002191
2,OFF-AP-10002203
2,OFF-AP-10002222
2,OFF-AP-10002287
2,OFF-AP-10002311
2,OFF-AP-10002350
2,OFF-AP-10002403
2,OFF-AP-10002439
2,OFF-AP-10002457
2,OFF-AP-10002472
2,OFF-AP-10002495
2,OFF-AP-10002518
2,OFF-AP-10002534
2,OFF-AP-10002578
2,OFF-AP-10002651
2,OFF-AP-10002670
2,OFF-AP-10002684
2,OFF-AP-10002734
2,OFF-AP-10002765
2,OFF-AP-10002867
2,OFF-AP-10002892
2,OFF-AP-10002906
2,OFF-AP-10002945
2,OFF-AP-10002998
2,OFF-AP-10003040
2,OFF-AP-10003057
2,OFF-AP-10003099
2,OFF-AP-10003217
2,OFF-AP-10003266
2,OFF-AP-10003278
2,OFF-AP-10003281
2,OFF-AP-10003287
2,OFF-AP-10003590
2,OFF-AP-10003622
2,OFF-AP-10003779
2,OFF-AP-10003842
2,OFF-AP-10003849
2,OFF-AP-10003860
2,OFF-AP-10003884
2,OFF-AP-10003914
2,OFF-AP-10003971
2,OFF-AP-10004036
2,OFF-AP-10004052
2,OFF-AP-10004136
2,OFF-AP-10004233
2,OFF-AP-10004249
2,OFF-AP-10004336
2,OFF-AP-10004487
2,OFF-AP-10004532
2,OFF-AP-10004540
2,OFF-AP-10004655
2,OFF-AP-10004708
2,OFF-AP-10004785
2,OFF-AP-10004859
2,OFF-AP-10004868
2,OFF-AP-10004980
2,OFF-AR-10000034
2,OFF-AR-10000122
2,OFF-AR-10000127
2,OFF-AR-10000203
2,OFF-AR-10000246
2,OFF-AR-10000255
2,OFF-AR-10000315
2,OFF-AR-10000369
2,OFF-AR-10000380
2,OFF-AR-10000390
2,OFF-AR-10000411
2,OFF-AR-10000422
2,OFF-AR-10000462
2,OFF-AR-10000475
2,OFF-AR-10000538
2,OFF-AR-10000588
2,OFF-AR-10000614
2,OFF-AR-10000634
2,OFF-AR-10000657
2,OFF-AR-10000658
2,OFF-AR-10000716
2,OFF-AR-10000799
2,OFF-AR-10000817
2,OFF-AR-10000823
2,OFF-AR-10000896
2,OFF-AR-10000914
2,OFF-AR-10000937
2,OFF-AR-10000940
2,OFF-AR-10001022
2,OFF-AR-10001026
2,OFF-AR-10001044
2,OFF-AR-10001118
2,OFF-AR-10001130
2,OFF-AR-10001149
2,OFF-AR-10001166
2,OFF-AR-10001177
2,OFF-AR-10001216
2,OFF-AR-10001221
2,OFF-AR-10001227
2,OFF-AR-10001231
2,OFF-AR-10001246
2,OFF-AR-10001315
2,OFF-AR-10001374
2,OFF-AR-10001419
2,OFF-AR-10001427
2,OFF-AR-10001446
2,OFF-AR-10001468
2,OFF-AR-10001473
2,OFF-AR-10001545
2,OFF-AR-10001547
2,OFF-AR-10001573
2,OFF-AR-10001615
2,OFF-AR-10001662
2,OFF-AR-10001683
2,OFF-AR-10001725
2,OFF-AR-10001761
2,OFF-AR-10001770
2,OFF-AR-10001860
2,OFF-AR-10001868
2,OFF-AR-10001897
2,OFF-AR-10001915
2,OFF-AR-10001919
2,OFF-AR-10001940
2,OFF-AR-10001953
2,OFF-AR-10001954
2,OFF-AR-10001955
2,OFF-AR-10001958
2,OFF-AR-10001972
2,OFF-AR-10001988
2,OFF-AR-10002053
2,OFF-AR-10002067
2,OFF-AR-10002135
2,OFF-AR-10002221
2,OFF-AR-10002240
2,OFF-AR-10002255
2,OFF-AR-10002257
2,OFF-AR-10002280
2,OFF-AR-10002335
2,OFF-AR-10002375
2,OFF-AR-10002399
2,OFF-AR-10002445
2,OFF-AR-10002467
2,OFF-AR-10002578
2,OFF-AR-10002656
2,OFF-AR-10002671
2,OFF-AR-10002704
2,OFF-AR-10002766
2,OFF-AR-10002804
2,OFF-AR-10002818
2,OFF-AR-10002833
2,OFF-AR-10002952
2,OFF-AR-10002956
2,OFF-AR-10002987
2,OFF-AR-10003045
2,OFF-AR-10003056
2,OFF-AR-10003087
2,OFF-AR-10003156
2,OFF-AR-10003158
2,OFF-AR-10003179
2,OFF-AR-10003183
2,OFF-AR-10003190
2,OFF-AR-10003217
2,OFF-AR-10003251
2,OFF-AR-10003338
2,OFF-AR-10003373
2,OFF-AR-10003394
2,OFF-AR-10003405
2,OFF-AR-10003469
2,OFF-AR-10003477
2,OFF-AR-10003478
2,OFF-AR-10003481
2,OFF-AR-10003504
2,OFF-AR-10003514
2,OFF-AR-10003560
2,OFF-AR-10003582
2,OFF-AR-10003602
2,OFF-AR-10003631
2,OFF-AR-10003651
2,OFF-AR-10003696
2,OFF-AR-10003723
2,OFF-AR-10003727
2,OFF-AR-10003732
2,OFF-AR-10003752
2,OFF-AR-10003759
2,OFF-AR-10003770
2,OFF-AR-10003772
2,OFF-AR-10003811
2,OFF-AR-10003829
2,OFF-AR-10003856
2,OFF-AR-10003876
2,OFF-AR-10003896
2,OFF-AR-10003903
2,OFF-AR-10003958
2,OFF-AR-10003986
2,OFF-AR-10004010
2,OFF-AR-10004022
2,OFF-AR-10004027
2,OFF-AR-10004042
2,OFF-AR-10004062
2,OFF-AR-10004078
2,OFF-AR-10004165
2,OFF-AR-10004260
2,OFF-AR-10004269
2,OFF-AR-10004272
2,OFF-AR-10004344
2,OFF-AR-10004441
2,OFF-AR-10004456
2,OFF-AR-10004511
2,OFF-AR-10004582
2,OFF-AR-10004587
2,OFF-AR-10004602
2,OFF-AR-10004648
2,OFF-AR-10004685
2,OFF-AR-10004691
2,OFF-AR-10004707
2,OFF-AR-10004752
2,OFF-AR-10004757
2,OFF-AR-10004790
2,OFF-AR-10004817
2,OFF-AR-10004930
2,OFF-AR-10004956
2,OFF-AR-10004974
2,OFF-AR-10004999
2,OFF-BI-10000014
2,OFF-BI-10000042
2,OFF-BI-10000050
2,OFF-BI-10000069
2,OFF-BI-10000088
2,OFF-BI-10000136
2,OFF-BI-10000138
2,OFF-BI-10000145
2,OFF-BI-10000174
2,OFF-BI-10000201
2,OFF-BI-10000216
2,OFF-BI-10000279
2,OFF-BI-10000285
2,OFF-BI-10000301
2,OFF-BI-10000309
2,OFF-BI-10000315
2,OFF-BI-10000320
2,OFF-BI-10000343
2,OFF-BI-10000404
2,OFF-BI-10000474
2,OFF-BI-10000494
2,OFF-BI-10000545
2,OFF-BI-10000546
2,OFF-BI-10000591
2,OFF-BI-10000605
2,OFF-BI-10000632
2,OFF-BI-10000666
2,OFF-BI-10000756
2,OFF-BI-10000773
2,OFF-BI-10000778
2,OFF-BI-10000822
2,OFF-BI-10000829
2,OFF-BI-10000831
2,OFF-BI-10000848
2,OFF-BI-10000948
2,OFF-BI-10000962
2,OFF-BI-10000977
2,OFF-BI-10001031
2,OFF-BI-10001036
2,OFF-BI-10001071
2,OFF-BI-10001072
2,OFF-BI-10001078
2,OFF-BI-10001097
2,OFF-BI-10001098
2,OFF-BI-10001107
2,OFF-BI-10001116
2,OFF-BI-10001120
2,OFF-BI-10001132
2,OFF-BI-10001153
2,OFF-BI-10001191
2,OFF-BI-10001196
2,OFF-BI-10001249
2,OFF-BI-10001267
2,OFF-BI-10001294
2,OFF-BI-10001308
2,OFF-BI-10001359
2,OFF-BI-10001460
2,OFF-BI-10001510
2,OFF-BI-10001524
2,OFF-BI-10001525
2,OFF-BI-10001543
2,OFF-BI-10001553
2,OFF-BI-10001575
2,OFF-BI-10001597
2,OFF-BI-10001617
2,OFF-BI-10001628
2,OFF-BI-10001634
2,OFF-BI-10001636
2,OFF-BI-10001658
2,OFF-BI-10001670
2,OFF-BI-10001679
2,OFF-BI-10001718
2,OFF-BI-10001721
2,OFF-BI-10001757
2,OFF-BI-10001758
2,OFF-BI-10001759
2,OFF-BI-10001765
2,OFF-BI-10001787
2,OFF-BI-10001890
2,OFF-BI-10001900
2,OFF-BI-10001922
2,OFF-BI-10001982
2,OFF-BI-10001989
2,OFF-BI-10002003
2,OFF-BI-10002012
2,OFF-BI-10002026
2,OFF-BI-10002049
2,OFF-BI-10002071
2,OFF-BI-10002072
2,OFF-BI-10002082
2,OFF-BI-10002103
2,OFF-BI-10002133
2,OFF-BI-10002160
2,OFF-BI-10002194
2,OFF-BI-10002215
2,OFF-BI-10002225
2,OFF-BI-10002309
2,OFF-BI-10002353
2,OFF-BI-10002393
2,OFF-BI-10002412
2,OFF-BI-10002414
2,OFF-BI-10002429
2,OFF-BI-10002432
2,OFF-BI-10002437
2,OFF-BI-10002498
2,OFF-BI-10002557
2,OFF-BI-10002571
2,OFF-BI-10002609
2,OFF-BI-10002706
2,OFF-BI-10002735
2,OFF-BI-10002764
2,OFF-BI-10002794
2,OFF-BI-10002799
2,OFF-BI-10002813
2,OFF-BI-10002824
2,OFF-BI-10002827
2,OFF-BI-10002852
2,OFF-BI-10002854
2,OFF-BI-10002867
2,OFF-BI-10002897
2,OFF-BI-10002931
2,OFF-BI-10002949
2,OFF-BI-10002954
2,OFF-BI-10002976
2,OFF-BI-10002982
2,OFF-BI-10003007
2,OFF-BI-10003091
2,OFF-BI-10003094
2,OFF-BI-10003166
2,OFF-BI-10003196
2,OFF-BI-10003274
2,OFF-BI-10003291
2,OFF-BI-10003305
2,OFF-BI-10003314
2,OFF-BI-10003350
2,OFF-BI-10003355
2,OFF-BI-10003364
2,OFF-BI-10003429
2,OFF-BI-10003460
2,OFF-BI-10003476
2,OFF-BI-10003527
2,OFF-BI-10003529
2,OFF-BI-10003638
2,OFF-BI-10003650
2,OFF-BI-10003655
2,OFF-BI-10003656
2,OFF-BI-10003669
2,OFF-BI-10003676
2,OFF-BI-10003684
2,OFF-BI-10003694
2,OFF-BI-10003707
2,OFF-BI-10003708
2,OFF-BI-10003712
2,OFF-BI-10003718
2,OFF-BI-10003719
2,OFF-BI-10003727
2,OFF-BI-10003784
2,OFF-BI-10003876
2,OFF-BI-10003910
2,OFF-BI-10003925
2,OFF-BI-10003963
2,OFF-BI-10003981
2,OFF-BI-10003982
2,OFF-BI-10003984
2,OFF-BI-10004001
2,OFF-BI-10004002
2,OFF-BI-10004022
2,OFF-BI-10004040
2,OFF-BI-10004094
2,OFF-BI-10004099
2,OFF-BI-10004139
2,OFF-BI-10004140
2,OFF-BI-10004141
2,OFF-BI-10004182
2,OFF-BI-10004187
2,OFF-BI-10004209
2,OFF-BI-10004224
2,OFF-BI-10004230
2,OFF-BI-10004233
2,OFF-BI-10004236
2,OFF-BI-10004308
2,OFF-BI-10004318
2,OFF-BI-10004330
2,OFF-BI-10004352
2,OFF-BI-10004364
2,OFF-BI-10004390
2,OFF-BI-10004410
2,OFF-BI-10004465
2,OFF-BI-10004492
2,OFF-BI-10004506
2,OFF-BI-10004519
2,OFF-BI-10004528
2,OFF-BI-10004584
2,OFF-BI-10004593
2,OFF-BI-10004600
2,OFF-BI-10004632
2,OFF-BI-10004654
2,OFF-BI-10004656
2,OFF-BI-10004716
2,OFF-BI-10004728
2,OFF-BI-10004738
2,OFF-BI-10004781
2,OFF-BI-10004817
2,OFF-BI-10004826
2,OFF-BI-10004828
2,OFF-BI-10004876
2,OFF-BI-10004965
2,OFF-BI-10004967
2,OFF-BI-10004970
2,OFF-BI-10004995
2,OFF-EN-10000056
2,OFF-EN-10000461
2,OFF-EN-10000483
2,OFF-EN-10000781
2,OFF-EN-10000927
2,OFF-EN-10001028
2,OFF-EN-10001099
2,OFF-EN-10001137
2,OFF-EN-10001141
2,OFF-EN-10001219
2,OFF-EN-10001335
2,OFF-EN-10001415
2,OFF-EN-10001434
2,OFF-EN-10001453
2,OFF-EN-10001509
2,OFF-EN-10001532
2,OFF-EN-10001535
2,OFF-EN-10001539
2,OFF-EN-10001749
2,OFF-EN-10001990
2,OFF-EN-10002230
2,OFF-EN-10002312
2,OFF-EN-10002500
2,OFF-EN-10002504
2,OFF-EN-10002592
2,OFF-EN-10002600
2,OFF-EN-10002621
2,OFF-EN-10002831
2,OFF-EN-10002973
2,OFF-EN-10002986
2,OFF-EN-10003001
2,OFF-EN-10003040
2,OFF-EN-10003055
2,OFF-EN-10003068
2,OFF-EN-10003072
2,OFF-EN-10003134
2,OFF-EN-10003160
2,OFF-EN-10003286
2,OFF-EN-10003296
2,OFF-EN-10003448
2,OFF-EN-10003567
2,OFF-EN-10003798
2,OFF-EN-10003845
2,OFF-EN-10003862
2,OFF-EN-10004007
2,OFF-EN-10004030
2,OFF-EN-10004147
2,OFF-EN-10004206
2,OFF-EN-10004386
2,OFF-EN-10004459
2,OFF-EN-10004483
2,OFF-EN-10004773
2,OFF-EN-10004846
2,OFF-EN-10004955
2,OFF-FA-10000053
2,OFF-FA-10000089
2,OFF-FA-10000134
2,OFF-FA-10000254
2,OFF-FA-10000304
2,OFF-FA-10000490
2,OFF-FA-10000585
2,OFF-FA-10000611
2,OFF-FA-10000621
2,OFF-FA-10000624
2,OFF-FA-10000735
2,OFF-FA-10000840
2,OFF-FA-10000936
2,OFF-FA-10000992
2,OFF-FA-10001135
2,OFF-FA-10001229
2,OFF-FA-10001332
2,OFF-FA-10001561
2,OFF-FA-10001754
2,OFF-FA-10001843
2,OFF-FA-10001883
2,OFF-FA-10002280
2,OFF-FA-10002676
2,OFF-FA-10002701
2,OFF-FA-10002763
2,OFF-FA-10002780
2,OFF-FA-10002815
2,OFF-FA-10002975
2,OFF-FA-10002983
2,OFF-FA-10002988
2,OFF-FA-10003021
2,OFF-FA-10003059
2,OFF-FA-10003112
2,OFF-FA-10003467
2,OFF-FA-10003472
2,OFF-FA-10003485
2,OFF-FA-10003495
2,OFF-FA-10004076
2,OFF-FA-10004248
2,OFF-FA-10004395
2,OFF-FA-10004838
2,OFF-FA-10004854
2,OFF-FA-10004968
2,OFF-LA-10000081
2,OFF-LA-10000121
2,OFF-LA-10000134
2,OFF-LA-10000240
2,OFF-LA-10000248
2,OFF-LA-10000262
2,OFF-LA-10000305
2,OFF-LA-10000407
2,OFF-LA-10000414
2,OFF-LA-10000443
2,OFF-LA-10000452
2,OFF-LA-10000476
2,OFF-LA-10000634
2,OFF-LA-10000973
2,OFF-LA-10001045
2,OFF-LA-10001074
2,OFF-LA-10001158
2,OFF-LA-10001175
2,OFF-LA-10001297
2,OFF-LA-10001317
2,OFF-LA-10001404
2,OFF-LA-10001474
2,OFF-LA-10001569
2,OFF-LA-10001613
2,OFF-LA-10001641
2,OFF-LA-10001771
2,OFF-LA-10001934
2,OFF-LA-10001982
2,OFF-LA-10002034
2,OFF-LA-10002043
2,OFF-LA-10002195
2,OFF-LA-10002271
2,OFF-LA-10002312
2,OFF-LA-10002368
2,OFF-LA-10002381
2,OFF-LA-10002473
2,OFF-LA-10002475
2,OFF-LA-10002762
2,OFF-LA-10002787
2,OFF-LA-10002945
2,OFF-LA-10003077
2,OFF-LA-10003121
2,OFF-LA-10003148
2,OFF-LA-10003190
2,OFF-LA-10003223
2,OFF-LA-10003388
2,OFF-LA-10003498
2,OFF-LA-10003510
2,OFF-LA-10003537
2,OFF-LA-10003663
2,OFF-LA-10003714
2,OFF-LA-10003720
2,OFF-LA-10003766
2,OFF-LA-10003923
2,OFF-LA-10003930
2,OFF-LA-10004008
2,OFF-LA-10004055
2,OFF-LA-10004093
2,OFF-LA-10004178
2,OFF-LA-10004272
2,OFF-LA-10004345
2,OFF-LA-10004409
2,OFF-LA-10004425
2,OFF-LA-10004484
2,OFF-LA-10004544
2,OFF-LA-10004545
2,OFF-LA-10004559
2,OFF-LA-10004677
2,OFF-LA-10004689
2,OFF-LA-10004853
2,OFF-PA-10000007
2,OFF-PA-10000019
2,OFF-PA-10000029
2,OFF-PA-10000048
2,OFF-PA-10000061
2,OFF-PA-10000062
2,OFF-PA-10000069
2,OFF-PA-10000100
2,OFF-PA-10000130
2,OFF-PA-10000141
2,OFF-PA-10000143
2,OFF-PA-10000157
2,OFF-PA-10000167
2,OFF-PA-10000174
2,OFF-PA-10000176
2,OFF-PA-10000210
2,OFF-PA-10000213
2,OFF-PA-10000223
2,OFF-PA-10000232
2,OFF-PA-10000241
2,OFF-PA-10000246
2,OFF-PA-10000249
2,OFF-PA-10000289
2,OFF-PA-10000295
2,OFF-PA-10000300
2,OFF-PA-10000304
2,OFF-PA-10000308
2,OFF-PA-10000312
2,OFF-PA-10000327
2,OFF-PA-10000349
2,OFF-PA-10000350
2,OFF-PA-10000357
2,OFF-PA-10000380
2,OFF-PA-10000418
2,OFF-PA-10000466
2,OFF-PA-10000474
2,OFF-PA-10000477
2,OFF-PA-10000482
2,OFF-PA-10000483
2,OFF-PA-10000501
2,OFF-PA-10000520
2,OFF-PA-10000528
2,OFF-PA-10000533
2,OFF-PA-10000551
2,OFF-PA-10000552
2,OFF-PA-10000556
2,OFF-PA-10000565
2,OFF-PA-10000575
2,OFF-PA-10000587
2,OFF-PA-10000595
2,OFF-PA-10000605
2,OFF-PA-10000659
2,OFF-PA-10000673
2,OFF-PA-10000675
2,OFF-PA-10000682
2,OFF-PA-10000697
2,OFF-PA-10000726
2,OFF-PA-10000740
2,OFF-PA-10000743
2,OFF-PA-10000788
2,OFF-PA-10000791
2,OFF-PA-10000806
2,OFF-PA-10000807
2,OFF-PA-10000809
2,OFF-PA-10000859
2,OFF-PA-10000919
2,OFF-PA-10000955
2,OFF-PA-10000994
2,OFF-PA-10001001
2,OFF-PA-10001019
2,OFF-PA-10001033
2,OFF-PA-10001125
2,OFF-PA-10001144
2,OFF-PA-10001166
2,OFF-PA-10001184
2,OFF-PA-10001204
2,OFF-PA-10001215
2,OFF-PA-10001243
2,OFF-PA-10001246
2,OFF-PA-10001260
2,OFF-PA-10001274
2,OFF-PA-10001281
2,OFF-PA-10001289
2,OFF-PA-10001293
2,OFF-PA-10001295
2,OFF-PA-10001307
2,OFF-PA-10001357
2,OFF-PA-10001363
2,OFF-PA-10001450
2,OFF-PA-10001457
2,OFF-PA-10001461
2,OFF-PA-10001471
2,OFF-PA-10001497
2,OFF-PA-10001509
2,OFF-PA-10001526
2,OFF-PA-10001534
2,OFF-PA-10001560
2,OFF-PA-10001569
2,OFF-PA-10001583
2,OFF-PA-10001593
2,OFF-PA-10001609
2,OFF-PA-10001622
2,OFF-PA-10001639
2,OFF-PA-10001661
2,OFF-PA-10001667
2,OFF-PA-10001685
2,OFF-PA-10001712
2,OFF-PA-10001725
2,OFF-PA-10001736
2,OFF-PA-10001745
2,OFF-PA-10001752
2,OFF-PA-10001763
2,OFF-PA-10001776
2,OFF-PA-10001790
2,OFF-PA-10001800
2,OFF-PA-10001801
2,OFF-PA-10001804
2,OFF-PA-10001815
2,OFF-PA-10001826
2,OFF-PA-10001837
2,OFF-PA-10001838
2,OFF-PA-10001846
2,OFF-PA-10001870
2,OFF-PA-10001878
2,OFF-PA-10001892
2,OFF-PA-10001934
2,OFF-PA-10001937
2,OFF-PA-10001947
2,OFF-PA-10001950
2,OFF-PA-10001952
2,OFF-PA-10001954
2,OFF-PA-10001970
2,OFF-PA-10001972
2,OFF-PA-10001977
2,OFF-PA-10001994
2,OFF-PA-10002001
2,OFF-PA-10002005
2,OFF-PA-10002036
2,OFF-PA-10002105
2,OFF-PA-10002109
2,OFF-PA-10002120
2,OFF-PA-10002137
2,OFF-PA-10002160
2,OFF-PA-10002195
2,OFF-PA-10002222
2,OFF-PA-10002230
2,OFF-PA-10002245
2,OFF-PA-10002246
2,OFF-PA-10002250
2,OFF-PA-10002254
2,OFF-PA-10002259
2,OFF-PA-10002262
2,OFF-PA-10002319
2,OFF-PA-10002333
2,OFF-PA-10002365
2,OFF-PA-10002377
2,OFF-PA-10002421
2,OFF-PA-10002464
2,OFF-PA-10002479
2,OFF-PA-10002499
2,OFF-PA-10002552
2,OFF-PA-10002558
2,OFF-PA-10002581
2,OFF-PA-10002586
2,OFF-PA-10002606
2,OFF-PA-10002615
2,OFF-PA-10002659
2,OFF-PA-10002666
2,OFF-PA-10002689
2,OFF-PA-10002709
2,OFF-PA-10002713
2,OFF-PA-10002741
2,OFF-PA-10002749
2,OFF-PA-10002751
2,OFF-PA-10002764
2,OFF-PA-10002787
2,OFF-PA-10002870
2,OFF-PA-10002893
2,OFF-PA-10002923
2,OFF-PA-10002947
2,OFF-PA-10002960
2,OFF-PA-10002968
2,OFF-PA-10002986
2,OFF-PA-10003001
2,OFF-PA-10003016
2,OFF-PA-10003022
2,OFF-PA-10003036
2,OFF-PA-10003039
2,OFF-PA-10003063
2,OFF-PA-10003072
2,OFF-PA-10003127
2,OFF-PA-10003129
2,OFF-PA-10003134
2,OFF-PA-10003172
2,OFF-PA-10003177
2,OFF-PA-10003205
2,OFF-PA-10003228
2,OFF-PA-10003256
2,OFF-PA-10003270
2,OFF-PA-10003302
2,OFF-PA-10003309
2,OFF-PA-10003349
2,OFF-PA-10003363
2,OFF-PA-10003395
2,OFF-PA-10003424
2,OFF-PA-10003441
2,OFF-PA-10003465
2,OFF-PA-10003543
2,OFF-PA-10003591
2,OFF-PA-10003625
2,OFF-PA-10003641
2,OFF-PA-10003651
2,OFF-PA-10003656
2,OFF-PA-10003657
2,OFF-PA-10003673
2,OFF-PA-10003724
2,OFF-PA-10003729
2,OFF-PA-10003739
2,OFF-PA-10003790
2,OFF-PA-10003797
2,OFF-PA-10003823
2,OFF-PA-10003845
2,OFF-PA-10003848
2,OFF-PA-10003883
2,OFF-PA-10003892
2,OFF-PA-10003893
2,OFF-PA-10003919
2,OFF-PA-10003936
2,OFF-PA-10003953
2,OFF-PA-10003971
2,OFF-PA-10004000
2,OFF-PA-10004022
2,OFF-PA-10004039
2,OFF-PA-10004040
2,OFF-PA-10004041
2,OFF-PA-10004071
2,OFF-PA-10004082
2,OFF-PA-10004092
2,OFF-PA-10004100
2,OFF-PA-10004101
2,OFF-PA-10004156
2,OFF-PA-10004239
2,OFF-PA-10004243
2,OFF-PA-10004248
2,OFF-PA-10004255
2,OFF-PA-10004285
2,OFF-PA-10004327
2,OFF-PA-10004353
2,OFF-PA-10004355
2,OFF-PA-10004359
2,OFF-PA-10004381
2,OFF-PA-10004405
2,OFF-PA-10004438
2,OFF-PA-10004451
2,OFF-PA-10004470
2,OFF-PA-10004475
2,OFF-PA-10004519
2,OFF-PA-10004530
2,OFF-PA-10004569
2,OFF-PA-10004609
2,OFF-PA-10004610
2,OFF-PA-10004621
2,OFF-PA-10004665
2,OFF-PA-10004675
2,OFF-PA-10004733
2,OFF-PA-10004734
2,OFF-PA-10004735
2,OFF-PA-10004782
2,OFF-PA-10004888
2,OFF-PA-10004911
2,OFF-PA-10004947
2,OFF-PA-10004948
2,OFF-PA-10004965
2,OFF-PA-10004971
2,OFF-PA-10004983
2,OFF-PA-10004996
2,OFF-ST-10000025
2,OFF-ST-10000036
2,OFF-ST-10000046
2,OFF-ST-10000060
2,OFF-ST-10000078
2,OFF-ST-10000107
2,OFF-ST-10000129
2,OFF-ST-10000136
2,OFF-ST-10000142
2,OFF-ST-10000321
2,OFF-ST-10000344
2,OFF-ST-10000352
2,OFF-ST-10000419
2,OFF-ST-10000464
2,OFF-ST-10000532
2,OFF-ST-10000563
2,OFF-ST-10000585
2,OFF-ST-10000604
2,OFF-ST-10000615
2,OFF-ST-10000617
2,OFF-ST-10000636
2,OFF-ST-10000642
2,OFF-ST-10000649
2,OFF-ST-10000675
2,OFF-ST-10000676
2,OFF-ST-10000689
2,OFF-ST-10000736
2,OFF-ST-10000760
2,OFF-ST-10000777
2,OFF-ST-10000798
2,OFF-ST-10000876
2,OFF-ST-10000877
2,OFF-ST-10000885
2,OFF-ST-10000918
2,OFF-ST-10000934
2,OFF-ST-10000943
2,OFF-ST-10000991
2,OFF-ST-10001031
2,OFF-ST-10001034
2,OFF-ST-10001097
2,OFF-ST-10001128
2,OFF-ST-10001172
2,OFF-ST-10001228
2,OFF-ST-10001272
2,OFF-ST-10001291
2,OFF-ST-10001321
2,OFF-ST-10001325
2,OFF-ST-10001328
2,OFF-ST-10001370
2,OFF-ST-10001414
2,OFF-ST-10001418
2,OFF-ST-10001469
2,OFF-ST-10001476
2,OFF-ST-10001490
2,OFF-ST-10001496
2,OFF-ST-10001505
2,OFF-ST-10001511
2,OFF-ST-10001522
2,OFF-ST-10001526
2,OFF-ST-10001558
2,OFF-ST-10001580
2,OFF-ST-10001590
2,OFF-ST-10001627
2,OFF-ST-10001713
2,OFF-ST-10001780
2,OFF-ST-10001809
2,OFF-ST-10001837
2,OFF-ST-10001932
2,OFF-ST-10001963
2,OFF-ST-10002011
2,OFF-ST-10002182
2,OFF-ST-10002205
2,OFF-ST-10002214
2,OFF-ST-10002276
2,OFF-ST-10002289
2,OFF-ST-10002292
2,OFF-ST-10002301
2,OFF-ST-10002344
2,OFF-ST-10002352
2,OFF-ST-10002370
2,OFF-ST-10002406
2,OFF-ST-10002444
2,OFF-ST-10002485
2,OFF-ST-10002486
2,OFF-ST-10002554
2,OFF-ST-10002562
2,OFF-ST-10002574
2,OFF-ST-10002583
2,OFF-ST-10002615
2,OFF-ST-10002743
2,OFF-ST-10002756
2,OFF-ST-10002790
2,OFF-ST-10002957
2,OFF-ST-10002974
2,OFF-ST-10003058
2,OFF-ST-10003123
2,OFF-ST-10003208
2,OFF-ST-10003221
2,OFF-ST-10003282
2,OFF-ST-10003306
2,OFF-ST-10003324
2,OFF-ST-10003327
2,OFF-ST-10003442
2,OFF-ST-10003455
2,OFF-ST-10003470
2,OFF-ST-10003479
2,OFF-ST-10003572
2,OFF-ST-10003638
2,OFF-ST-10003641
2,OFF-ST-10003656
2,OFF-ST-10003692
2,OFF-ST-10003716
2,OFF-ST-10003722
2,OFF-ST-10003805
2,OFF-ST-10003816
2,OFF-ST-10003994
2,OFF-ST-10003996
2,OFF-ST-10004123
2,OFF-ST-10004180
2,OFF-ST-10004186
2,OFF-ST-10004258
2,OFF-ST-10004337
2,OFF-ST-10004340
2,OFF-ST-10004459
2,OFF-ST-10004507
2,OFF-ST-10004634
2,OFF-ST-10004804
2,OFF-ST-10004835
2,OFF-ST-10004946
2,OFF-ST-10004950
2,OFF-ST-10004963
2,OFF-SU-10000151
2,OFF-SU-10000157
2,OFF-SU-10000381
2,OFF-SU-10000432
2,OFF-SU-10000646
2,OFF-SU-10000898
2,OFF-SU-10000946
2,OFF-SU-10000952
2,OFF-SU-10001165
2,OFF-SU-10001212
2,OFF-SU-10001218
2,OFF-SU-10001225
2,OFF-SU-10001574
2,OFF-SU-10001664
2,OFF-SU-10001935
2,OFF-SU-10002189
2,OFF-SU-10002301
2,OFF-SU-10002503
2,OFF-SU-10002522
2,OFF-SU-10002537
2,OFF-SU-10002557
2,OFF-SU-10002573
2,OFF-SU-10002881
2,OFF-SU-10003002
2,OFF-SU-10003505
2,OFF-SU-10003567
2,OFF-SU-10003936
2,OFF-SU-10004115
2,OFF-SU-10004231
2,OFF-SU-10004261
2,OFF-SU-10004290
2,OFF-SU-10004498
2,OFF-SU-10004661
2,OFF-SU-10004664
2,OFF-SU-10004737
2,OFF-SU-10004768
2,OFF-SU-10004782
2,OFF-SU-10004884
2,TEC-AC-10000023
2,TEC-AC-10000057
2,TEC-AC-10000109
2,TEC-AC-10000158
2,TEC-AC-10000171
2,TEC-AC-10000199
2,TEC-AC-10000290
2,TEC-AC-10000303
2,TEC-AC-10000358
2,TEC-AC-10000387
2,TEC-AC-10000397
2,TEC-AC-10000420
2,TEC-AC-10000474
2,TEC-AC-10000487
2,TEC-AC-10000521
2,TEC-AC-10000580
2,TEC-AC-10000682
2,TEC-AC-10000710
2,TEC-AC-10000736
2,TEC-AC-10000844
2,TEC-AC-10000865
2,TEC-AC-10000892
2,TEC-AC-10000926
2,TEC-AC-10000927
2,TEC-AC-10000990
2,TEC-AC-10000991
2,TEC-AC-10001013
2,TEC-AC-10001090
2,TEC-AC-10001101
2,TEC-AC-10001109
2,TEC-AC-10001114
2,TEC-AC-10001142
2,TEC-AC-10001266
2,TEC-AC-10001267
2,TEC-AC-10001284
2,TEC-AC-10001314
2,TEC-AC-10001383
2,TEC-AC-10001432
2,TEC-AC-10001445
2,TEC-AC-10001465
2,TEC-AC-10001539
2,TEC-AC-10001542
2,TEC-AC-10001552
2,TEC-AC-10001553
2,TEC-AC-10001590
2,TEC-AC-10001606
2,TEC-AC-10001635
2,TEC-AC-10001714
2,TEC-AC-10001767
2,TEC-AC-10001772
2,TEC-AC-10001838
2,TEC-AC-10001874
2,TEC-AC-10001908
2,TEC-AC-10001956
2,TEC-AC-10001990
2,TEC-AC-10001998
2,TEC-AC-10002001
2,TEC-AC-10002006
2,TEC-AC-10002018
2,TEC-AC-10002049
2,TEC-AC-10002076
2,TEC-AC-10002134
2,TEC-AC-10002167
2,TEC-AC-10002217
2,TEC-AC-10002253
2,TEC-AC-10002305
2,TEC-AC-10002323
2,TEC-AC-10002331
2,TEC-AC-10002335
2,TEC-AC-10002345
2,TEC-AC-10002370
2,TEC-AC-10002380
2,TEC-AC-10002399
2,TEC-AC-10002402
2,TEC-AC-10002473
2,TEC-AC-10002550
2,TEC-AC-10002558
2,TEC-AC-10002567
2,TEC-AC-10002600
2,TEC-AC-10002637
2,TEC-AC-10002647
2,TEC-AC-10002718
2,TEC-AC-10002800
2,TEC-AC-10002842
2,TEC-AC-10002857
2,TEC-AC-10002926
2,TEC-AC-10002942
2,TEC-AC-10003023
2,TEC-AC-10003027
2,TEC-AC-10003033
2,TEC-AC-10003038
2,TEC-AC-10003063
2,TEC-AC-10003095
2,TEC-AC-10003116
2,TEC-AC-10003133
2,TEC-AC-10003174
2,TEC-AC-10003198
2,TEC-AC-10003237
2,TEC-AC-10003280
2,TEC-AC-10003289
2,TEC-AC-10003399
2,TEC-AC-10003433
2,TEC-AC-10003441
2,TEC-AC-10003447
2,TEC-AC-10003499
2,TEC-AC-10003590
2,TEC-AC-10003610
2,TEC-AC-10003614
2,TEC-AC-10003628
2,TEC-AC-10003657
2,TEC-AC-10003709
2,TEC-AC-10003832
2,TEC-AC-10003870
2,TEC-AC-10003911
2,TEC-AC-10004001
2,TEC-AC-10004114
2,TEC-AC-10004127
2,TEC-AC-10004145
2,TEC-AC-10004171
2,TEC-AC-10004209
2,TEC-AC-10004227
2,TEC-AC-10004353
2,TEC-AC-10004396
2,TEC-AC-10004420
2,TEC-AC-10004469
2,TEC-AC-10004510
2,TEC-AC-10004518
2,TEC-AC-10004568
2,TEC-AC-10004571
2,TEC-AC-10004595
2,TEC-AC-10004633
2,TEC-AC-10004659
2,TEC-AC-10004666
2,TEC-AC-10004708
2,TEC-AC-10004761
2,TEC-AC-10004803
2,TEC-AC-10004814
2,TEC-AC-10004855
2,TEC-AC-10004859
2,TEC-AC-10004864
2,TEC-AC-10004877
2,TEC-AC-10004901
2,TEC-AC-10004975
2,TEC-AC-10004992
2,TEC-CO-10000971
2,TEC-CO-10001046
2,TEC-CO-10001449
2,TEC-CO-10001571
2,TEC-CO-10001766
2,TEC-CO-10001943
2,TEC-CO-10002095
2,TEC-CO-10002313
2,TEC-CO-10003236
2,TEC-CO-10003763
2,TEC-CO-10004115
2,TEC-CO-10004202
2,TEC-CO-10004722
2,TEC-MA-10000010
2,TEC-MA-10000029
2,TEC-MA-10000045
2,TEC-MA-10000112
2,TEC-MA-10000418
2,TEC-MA-10000423
2,TEC-MA-10000488
2,TEC-MA-10000597
2,TEC-MA-10000752
2,TEC-MA-10000822
2,TEC-MA-10000864
2,TEC-MA-10000904
2,TEC-MA-10000984
2,TEC-MA-10001016
2,TEC-MA-10001031
2,TEC-MA-10001047
2,TEC-MA-10001127
2,TEC-MA-10001148
2,TEC-MA-10001570
2,TEC-MA-10001681
2,TEC-MA-10001695
2,TEC-MA-10001856
2,TEC-MA-10001972
2,TEC-MA-10002073
2,TEC-MA-10002109
2,TEC-MA-10002178
2,TEC-MA-10002210
2,TEC-MA-10002412
2,TEC-MA-10002428
2,TEC-MA-10002694
2,TEC-MA-10002790
2,TEC-MA-10002859
2,TEC-MA-10002927
2,TEC-MA-10002930
2,TEC-MA-10002937
2,TEC-MA-10002981
2,TEC-MA-10003066
2,TEC-MA-10003173
2,TEC-MA-10003176
2,TEC-MA-10003183
2,TEC-MA-10003230
2,TEC-MA-10003246
2,TEC-MA-10003329
2,TEC-MA-10003337
2,TEC-MA-10003353
2,TEC-MA-10003356
2,TEC-MA-10003493
2,TEC-MA-10003589
2,TEC-MA-10003626
2,TEC-MA-10003673
2,TEC-MA-10003674
2,TEC-MA-10003979
2,TEC-MA-10004002
2,TEC-MA-10004086
2,TEC-MA-10004125
2,TEC-MA-10004212
2,TEC-MA-10004241
2,TEC-MA-10004255
2,TEC-MA-10004458
2,TEC-MA-10004521
2,TEC-MA-10004552
2,TEC-MA-10004626
2,TEC-MA-10004679
2,TEC-PH-10000004
2,TEC-PH-10000011
2,TEC-PH-10000038
2,TEC-PH-10000127
2,TEC-PH-10000141
2,TEC-PH-10000148
2,TEC-PH-10000149
2,TEC-PH-10000169
2,TEC-PH-10000193
2,TEC-PH-10000213
2,TEC-PH-10000215
2,TEC-PH-10000307
2,TEC-PH-10000347
2,TEC-PH-10000369
2,TEC-PH-10000376
2,TEC-PH-10000439
2,TEC-PH-10000441
2,TEC-PH-10000455
2,TEC-PH-10000486
2,TEC-PH-10000526
2,TEC-PH-10000560
2,TEC-PH-10000562
2,TEC-PH-10000576
2,TEC-PH-10000586
2,TEC-PH-10000673
2,TEC-PH-10000675
2,TEC-PH-10000702
2,TEC-PH-10000730
2,TEC-PH-10000895
2,TEC-PH-10000912
2,TEC-PH-10000923
2,TEC-PH-10000984
2,TEC-PH-10001051
2,TEC-PH-10001061
2,TEC-PH-10001079
2,TEC-PH-10001128
2,TEC-PH-10001198
2,TEC-PH-10001254
2,TEC-PH-10001299
2,TEC-PH-10001300
2,TEC-PH-10001305
2,TEC-PH-10001336
2,TEC-PH-10001363
2,TEC-PH-10001425
2,TEC-PH-10001433
2,TEC-PH-10001448
2,TEC-PH-10001459
2,TEC-PH-10001468
2,TEC-PH-10001494
2,TEC-PH-10001527
2,TEC-PH-10001530
2,TEC-PH-10001536
2,TEC-PH-10001552
2,TEC-PH-10001557
2,TEC-PH-10001578
2,TEC-PH-10001580
2,TEC-PH-10001615
2,TEC-PH-10001619
2,TEC-PH-10001644
2,TEC-PH-10001700
2,TEC-PH-10001750
2,TEC-PH-10001760
2,TEC-PH-10001795
2,TEC-PH-10001809
2,TEC-PH-10001817
2,TEC-PH-10001819
2,TEC-PH-10001835
2,TEC-PH-10001870
2,TEC-PH-10001918
2,TEC-PH-10001924
2,TEC-PH-10001944
2,TEC-PH-10001949
2,TEC-PH-10002033
2,TEC-PH-10002070
2,TEC-PH-10002075
2,TEC-PH-10002085
2,TEC-PH-10002103
2,TEC-PH-10002114
2,TEC-PH-10002115
2,TEC-PH-10002170
2,TEC-PH-10002185
2,TEC-PH-10002200
2,TEC-PH-10002262
2,TEC-PH-10002275
2,TEC-PH-10002293
2,TEC-PH-10002310
2,TEC-PH-10002350
2,TEC-PH-10002352
2,TEC-PH-10002365
2,TEC-PH-10002398
2,TEC-PH-10002415
2,TEC-PH-10002447
2,TEC-PH-10002468
2,TEC-PH-10002483
2,TEC-PH-10002496
2,TEC-PH-10002538
2,TEC-PH-10002549
2,TEC-PH-10002555
2,TEC-PH-10002563
2,TEC-PH-10002564
2,TEC-PH-10002583
2,TEC-PH-10002584
2,TEC-PH-10002597
2,TEC-PH-10002624
2,TEC-PH-10002645
2,TEC-PH-10002660
2,TEC-PH-10002680
2,TEC-PH-10002726
2,TEC-PH-10002789
2,TEC-PH-10002807
2,TEC-PH-10002817
2,TEC-PH-10002824
2,TEC-PH-10002834
2,TEC-PH-10002844
2,TEC-PH-10002885
2,TEC-PH-10002890
2,TEC-PH-10002922
2,TEC-PH-10002923
2,TEC-PH-10003012
2,TEC-PH-10003072
2,TEC-PH-10003092
2,TEC-PH-10003095
2,TEC-PH-10003171
2,TEC-PH-10003174
2,TEC-PH-10003187
2,TEC-PH-10003215
2,TEC-PH-10003273
2,TEC-PH-10003356
2,TEC-PH-10003357
2,TEC-PH-10003437
2,TEC-PH-10003442
2,TEC-PH-10003484
2,TEC-PH-10003505
2,TEC-PH-10003535
2,TEC-PH-10003555
2,TEC-PH-10003580
2,TEC-PH-10003589
2,TEC-PH-10003601
2,TEC-PH-10003645
2,TEC-PH-10003655
2,TEC-PH-10003691
2,TEC-PH-10003800
2,TEC-PH-10003811
2,TEC-PH-10003875
2,TEC-PH-10003885
2,TEC-PH-10003931
2,TEC-PH-10003963
2,TEC-PH-10003988
2,TEC-PH-10004006
2,TEC-PH-10004042
2,TEC-PH-10004071
2,TEC-PH-10004080
2,TEC-PH-10004093
2,TEC-PH-10004094
2,TEC-PH-10004100
2,TEC-PH-10004120
2,TEC-PH-10004165
2,TEC-PH-10004188
2,TEC-PH-10004241
2,TEC-PH-10004345
2,TEC-PH-10004348
2,TEC-PH-10004389
2,TEC-PH-10004434
2,TEC-PH-10004447
2,TEC-PH-10004522
2,TEC-PH-10004531
2,TEC-PH-10004536
2,TEC-PH-10004539
2,TEC-PH-10004586
2,TEC-PH-10004614
2,TEC-PH-10004667
2,TEC-PH-10004700
2,TEC-PH-10004774
2,TEC-PH-10004830
2,TEC-PH-10004833
2,TEC-PH-10004875
2,TEC-PH-10004896
2,TEC-PH-10004897
2,TEC-PH-10004908
2,TEC-PH-10004912
2,TEC-PH-10004922
2,TEC-PH-10004924
2,TEC-PH-10004959
2,TEC-PH-10004977
